[{"Number": 0, "Name": "2021_11_17", "Type": "KerasLinear", "Tubs": "./data/1,./data/2", "Time": 1637120769.7448723, "History": {"loss": [0.05078503489494324, 0.02447664737701416, 0.019572969526052475, 0.017178066074848175, 0.015900200232863426, 0.014787443913519382, 0.013806575909256935, 0.013198676519095898, 0.012655137106776237, 0.012365603819489479], "n_outputs0_loss": [0.011876857839524746, 0.006531842984259129, 0.005580328870564699, 0.004817378241568804, 0.004572007339447737, 0.004468340426683426, 0.004344861954450607, 0.0042783236131072044, 0.0042320117354393005, 0.004234884865581989], "n_outputs1_loss": [0.038908202201128006, 0.017944810912013054, 0.013992642052471638, 0.012360681779682636, 0.011328193359076977, 0.010319103486835957, 0.009461712092161179, 0.008920349180698395, 0.008423122577369213, 0.008130721747875214], "val_loss": [0.0160665400326252, 0.013318645767867565, 0.012047845870256424, 0.011625134386122227, 0.011376987211406231, 0.011353305540978909, 0.011295785196125507, 0.011449817568063736, 0.011299463920295238, 0.011128595098853111], "val_n_outputs0_loss": [0.005608732346445322, 0.005366384983062744, 0.004320709966123104, 0.004012708552181721, 0.0037956112064421177, 0.003757651662454009, 0.003763018175959587, 0.0037911979015916586, 0.0037645413540303707, 0.0036560879088938236], "val_n_outputs1_loss": [0.010457801632583141, 0.007952261716127396, 0.0077271354384720325, 0.007612426299601793, 0.0075813778676092625, 0.007595651317387819, 0.007532771211117506, 0.00765861663967371, 0.007534919306635857, 0.007472509518265724]}, "Transfer": null, "Comment": null, "Config": "[('AI_LAUNCH_DURATION', 0.0), ('AI_LAUNCH_ENABLE_BUTTON', 'R2'), ('AI_LAUNCH_KEEP_ENABLED', False), ('AI_LAUNCH_THROTTLE', 0.0), ('AI_THROTTLE_MULT', 1.0), ('AUTO_CREATE_NEW_TUB', False), ('AUTO_RECORD_ON_THROTTLE', True), ('BATCH_SIZE', 64), ('BEHAVIOR_LED_COLORS', [(0, 10, 0), (10, 0, 0)]), ('BEHAVIOR_LIST', ['Left_Lane', 'Right_Lane']), ('BUTTON_PRESS_NEW_TUB', False), ('CACHE_IMAGES', True), ('CAMERA_FRAMERATE', 20), ('CAMERA_HFLIP', False), ('CAMERA_TYPE', 'WEBCAM'), ('CAMERA_VFLIP', False), ('CAR_PATH', '/home/ubuntu/mycar'), ('CONTROLLER_TYPE', 'xbox'), ('CSIC_CAM_GSTREAMER_FLIP_PARM', 0), ('DATA_PATH', '/home/ubuntu/mycar/data'), ('DATA_WIPER_RC_GPIO', 19), ('DEFAULT_AI_FRAMEWORK', 'tensorflow'), ('DEFAULT_MODEL_TYPE', 'linear'), ('DONKEY_GYM', False), ('DONKEY_GYM_ENV_NAME', 'donkey-generated-track-v0'), ('DONKEY_SIM_PATH', 'path to sim'), ('DRIVE_LOOP_HZ', 20), ('DRIVE_TRAIN_TYPE', 'SERVO_ESC'), ('EARLY_STOP_PATIENCE', 5), ('ENCODER_TYPE', 'GPIO'), ('FREEZE_LAYERS', False), ('GYM_CONF', {'body_style': 'donkey', 'body_rgb': (128, 128, 128), 'car_name': 'car', 'font_size': 100, 'racer_name': 'Your Name', 'country': 'Place', 'bio': 'I race robots.'}), ('HAVE_CONSOLE_LOGGING', True), ('HAVE_IMU', False), ('HAVE_MQTT_TELEMETRY', False), ('HAVE_ODOM', False), ('HAVE_PERFMON', False), ('HAVE_RGB_LED', False), ('HAVE_ROBOHAT', False), ('HAVE_SOMBRERO', False), ('HBRIDGE_L298N_PIN_LEFT_BWD', 18), ('HBRIDGE_L298N_PIN_LEFT_EN', 22), ('HBRIDGE_L298N_PIN_LEFT_FWD', 16), ('HBRIDGE_L298N_PIN_RIGHT_BWD', 13), ('HBRIDGE_L298N_PIN_RIGHT_EN', 11), ('HBRIDGE_L298N_PIN_RIGHT_FWD', 15), ('HBRIDGE_PIN_BWD', 13), ('HBRIDGE_PIN_FWD', 15), ('HBRIDGE_PIN_LEFT', 18), ('HBRIDGE_PIN_LEFT_BWD', 16), ('HBRIDGE_PIN_LEFT_FWD', 18), ('HBRIDGE_PIN_RIGHT', 16), ('HBRIDGE_PIN_RIGHT_BWD', 13), ('HBRIDGE_PIN_RIGHT_FWD', 15), ('IMAGE_DEPTH', 3), ('IMAGE_H', 120), ('IMAGE_W', 160), ('IMU_DLP_CONFIG', 0), ('IMU_SENSOR', 'mpu6050'), ('JOYSTICK_DEADZONE', 0.01), ('JOYSTICK_DEVICE_FILE', '/dev/input/js0'), ('JOYSTICK_MAX_THROTTLE', 1.0), ('JOYSTICK_STEERING_SCALE', 1.0), ('JOYSTICK_THROTTLE_DIR', -1.0), ('LEARNING_RATE', 0.001), ('LEARNING_RATE_DECAY', 0.0), ('LED_B', 1), ('LED_G', 0), ('LED_INVERT', False), ('LED_PIN_B', 16), ('LED_PIN_G', 10), ('LED_PIN_R', 12), ('LED_R', 0), ('LIDAR_LOWER_LIMIT', 90), ('LIDAR_TYPE', 'RP'), ('LIDAR_UPPER_LIMIT', 270), ('LOGGING_FORMAT', '%(message)s'), ('LOGGING_LEVEL', 'INFO'), ('MAX_EPOCHS', 100), ('MAX_LOOPS', None), ('MIN_DELTA', 0.0005), ('MM1_MAX_FORWARD', 2000), ('MM1_MAX_REVERSE', 1000), ('MM1_SERIAL_PORT', '/dev/ttyS0'), ('MM1_SHOW_STEERING_VALUE', False), ('MM1_STEERING_MID', 1500), ('MM1_STOPPED_PWM', 1500), ('MM_PER_TICK', 12.7625), ('MODELS_PATH', '/home/ubuntu/mycar/models'), ('MODEL_CATEGORICAL_MAX_THROTTLE_RANGE', 0.5), ('MODEL_RELOADED_LED_B', 0), ('MODEL_RELOADED_LED_G', 0), ('MODEL_RELOADED_LED_R', 100), ('NETWORK_JS_SERVER_IP', None), ('NUM_LAST_LAYERS_TO_TRAIN', 7), ('NUM_LOCATIONS', 10), ('ODOM_DEBUG', False), ('ODOM_PIN', 13), ('OPTIMIZER', None), ('PACKAGE_PATH', '/home/ubuntu/mycar'), ('PATH_FILENAME', 'donkey_path.pkl'), ('PATH_MIN_DIST', 0.3), ('PATH_OFFSET', (0, 0)), ('PATH_SCALE', 5.0), ('PCA9685_I2C_ADDR', 64), ('PCA9685_I2C_BUSNUM', 1), ('PID_D', -0.2), ('PID_I', 0.0), ('PID_P', -10.0), ('PID_THROTTLE', 0.2), ('PRINT_MODEL_SUMMARY', True), ('PRUNE_CNN', False), ('PRUNE_EVAL_PERCENT_OF_DATASET', 0.05), ('PRUNE_PERCENT_PER_ITERATION', 20), ('PRUNE_PERCENT_TARGET', 75), ('PRUNE_VAL_LOSS_DEGRADATION_LIMIT', 0.2), ('PUB_CAMERA_IMAGES', False), ('REALSENSE_D435_DEPTH', True), ('REALSENSE_D435_ID', None), ('REALSENSE_D435_IMU', False), ('REALSENSE_D435_RGB', True), ('RECORD_ALERT_COLOR_ARR', [(0, (1, 1, 1)), (3000, (5, 5, 5)), (5000, (5, 2, 0)), (10000, (0, 5, 0)), (15000, (0, 5, 5)), (20000, (0, 0, 5))]), ('RECORD_DURING_AI', False), ('REC_COUNT_ALERT', 1000), ('REC_COUNT_ALERT_BLINK_RATE', 0.4), ('REC_COUNT_ALERT_CYC', 15), ('RESET_ORIGIN_BTN', 'triangle'), ('ROI_CROP_BOTTOM', 0), ('ROI_CROP_TOP', 0), ('SAVE_PATH_BTN', 'cross'), ('SEND_BEST_MODEL_TO_PI', False), ('SEQUENCE_LENGTH', 3), ('SHOW_PLOT', True), ('SIM_ARTIFICIAL_LATENCY', 0), ('SIM_HOST', '127.0.0.1'), ('SIM_RECORD_GYROACCEL', False), ('SIM_RECORD_LOCATION', False), ('SIM_RECORD_VELOCITY', False), ('SSD1306_128_32_I2C_BUSNUM', 1), ('STEERING_CHANNEL', 8), ('STEERING_LEFT_PWM', 435), ('STEERING_PWM_FREQ', 50), ('STEERING_PWM_INVERTED', False), ('STEERING_PWM_PIN', 13), ('STEERING_RC_GPIO', 26), ('STEERING_RIGHT_PWM', 265), ('STOP_SIGN_DETECTOR', False), ('STOP_SIGN_MIN_SCORE', 0.2), ('STOP_SIGN_SHOW_BOUNDING_BOX', True), ('TARGET_D', 3), ('TARGET_H', 120), ('TARGET_W', 160), ('TELEMETRY_DEFAULT_INPUTS', 'pilot/angle,pilot/throttle,recording'), ('TELEMETRY_DEFAULT_TYPES', 'float,float'), ('TELEMETRY_DONKEY_NAME', 'my_robot1234'), ('TELEMETRY_LOGGING_ENABLE', True), ('TELEMETRY_LOGGING_FORMAT', '%(message)s'), ('TELEMETRY_LOGGING_LEVEL', 'INFO'), ('TELEMETRY_MQTT_BROKER_HOST', 'broker.hivemq.com'), ('TELEMETRY_MQTT_BROKER_PORT', 1883), ('TELEMETRY_MQTT_JSON_ENABLE', False), ('TELEMETRY_MQTT_TOPIC_TEMPLATE', 'donkey/%s/telemetry'), ('TELEMETRY_PUBLISH_PERIOD', 1), ('THROTTLE_CHANNEL', 4), ('THROTTLE_FORWARD_PWM', 395), ('THROTTLE_PWM_FREQ', 50), ('THROTTLE_PWM_INVERTED', False), ('THROTTLE_PWM_PIN', 18), ('THROTTLE_RC_GPIO', 20), ('THROTTLE_REVERSE_PWM', 220), ('THROTTLE_STOPPED_PWM', 370), ('TRAIN_BEHAVIORS', False), ('TRAIN_LOCALIZER', False), ('TRAIN_TEST_SPLIT', 0.8), ('USE_EARLY_STOP', True), ('USE_FPV', False), ('USE_JOYSTICK_AS_DEFAULT', False), ('USE_LIDAR', False), ('USE_NETWORKED_JS', False), ('USE_RC', False), ('USE_SSD1306_128_32', False), ('VERBOSE_TRAIN', True), ('WEB_CONTROL_PORT', 8887), ('WEB_INIT_MODE', 'user')]"}]