[{"Number": 0, "Name": "", "Type": "KerasLinear", "Tubs": "./data/5", "Time": 1637810603.6125233, "History": {"loss": [0.0545906163752079, 0.021057134494185448, 0.016970651224255562, 0.012520059011876583, 0.010636473074555397, 0.009136158972978592, 0.00815641600638628, 0.007497933693230152, 0.0070349955931305885, 0.0069136787205934525, 0.006726416293531656, 0.006520983297377825, 0.006540035828948021, 0.0064124902710318565, 0.006400396581739187], "n_outputs0_loss": [0.016080325469374657, 0.011881140992045403, 0.010583841241896152, 0.007652778644114733, 0.007003255188465118, 0.006493210792541504, 0.006184148136526346, 0.0059509361162781715, 0.005759976338595152, 0.0057634878903627396, 0.00562879117205739, 0.005451037082821131, 0.0054794498719275, 0.005375591106712818, 0.005371429491788149], "n_outputs1_loss": [0.03851032257080078, 0.00917599443346262, 0.006386809516698122, 0.004867285490036011, 0.0036332104355096817, 0.002642944920808077, 0.00197226763702929, 0.0015469994395971298, 0.0012750194873660803, 0.0011501915287226439, 0.001097624539397657, 0.0010699463309720159, 0.0010605922434478998, 0.0010368990479037166, 0.0010289716301485896], "val_loss": [0.014946750365197659, 0.011655322276055813, 0.009055173955857754, 0.007171879056841135, 0.006270088255405426, 0.006187945604324341, 0.005987914744764566, 0.005781811662018299, 0.005795893259346485, 0.005700638052076101, 0.005878197029232979, 0.0056507643312215805, 0.005546663422137499, 0.005468359682708979, 0.0055681196972727776], "val_n_outputs0_loss": [0.01030214224010706, 0.01032246183604002, 0.008010964840650558, 0.0062272753566503525, 0.005491659976541996, 0.005407004151493311, 0.0052316985093057156, 0.0050532459281384945, 0.005066368263214827, 0.004939461126923561, 0.00513485400006175, 0.004920646082609892, 0.004803402349352837, 0.004738501738756895, 0.004849062766879797], "val_n_outputs1_loss": [0.004644607659429312, 0.001332860323600471, 0.001044213306158781, 0.0009446035255677998, 0.0007784279878251255, 0.0007809423841536045, 0.0007562157697975636, 0.0007285680621862411, 0.0007295227842405438, 0.0007611785549670458, 0.0007433429709635675, 0.0007301174919120967, 0.0007432634592987597, 0.0007298560813069344, 0.0007190563483163714]}, "Transfer": null, "Comment": null, "Config": "[('AI_LAUNCH_DURATION', 0.0), ('AI_LAUNCH_ENABLE_BUTTON', 'R2'), ('AI_LAUNCH_KEEP_ENABLED', False), ('AI_LAUNCH_THROTTLE', 0.0), ('AI_THROTTLE_MULT', 1.0), ('AUTO_CREATE_NEW_TUB', False), ('AUTO_RECORD_ON_THROTTLE', True), ('BATCH_SIZE', 64), ('BEHAVIOR_LED_COLORS', [(0, 10, 0), (10, 0, 0)]), ('BEHAVIOR_LIST', ['Left_Lane', 'Right_Lane']), ('BUTTON_PRESS_NEW_TUB', False), ('CACHE_IMAGES', True), ('CAMERA_FRAMERATE', 20), ('CAMERA_HFLIP', False), ('CAMERA_TYPE', 'WEBCAM'), ('CAMERA_VFLIP', False), ('CAR_PATH', '/home/ubuntu/mycar'), ('CONTROLLER_TYPE', 'xbox'), ('CSIC_CAM_GSTREAMER_FLIP_PARM', 0), ('DATA_PATH', '/home/ubuntu/mycar/data'), ('DATA_WIPER_RC_GPIO', 19), ('DEFAULT_AI_FRAMEWORK', 'tensorflow'), ('DEFAULT_MODEL_TYPE', 'linear'), ('DONKEY_GYM', False), ('DONKEY_GYM_ENV_NAME', 'donkey-generated-track-v0'), ('DONKEY_SIM_PATH', 'path to sim'), ('DRIVE_LOOP_HZ', 20), ('DRIVE_TRAIN_TYPE', 'SERVO_ESC'), ('EARLY_STOP_PATIENCE', 5), ('ENCODER_TYPE', 'GPIO'), ('FREEZE_LAYERS', False), ('GYM_CONF', {'body_style': 'donkey', 'body_rgb': (128, 128, 128), 'car_name': 'car', 'font_size': 100, 'racer_name': 'Your Name', 'country': 'Place', 'bio': 'I race robots.'}), ('HAVE_CONSOLE_LOGGING', True), ('HAVE_IMU', False), ('HAVE_MQTT_TELEMETRY', False), ('HAVE_ODOM', False), ('HAVE_PERFMON', False), ('HAVE_RGB_LED', False), ('HAVE_ROBOHAT', False), ('HAVE_SOMBRERO', False), ('HBRIDGE_L298N_PIN_LEFT_BWD', 18), ('HBRIDGE_L298N_PIN_LEFT_EN', 22), ('HBRIDGE_L298N_PIN_LEFT_FWD', 16), ('HBRIDGE_L298N_PIN_RIGHT_BWD', 13), ('HBRIDGE_L298N_PIN_RIGHT_EN', 11), ('HBRIDGE_L298N_PIN_RIGHT_FWD', 15), ('HBRIDGE_PIN_BWD', 13), ('HBRIDGE_PIN_FWD', 15), ('HBRIDGE_PIN_LEFT', 18), ('HBRIDGE_PIN_LEFT_BWD', 16), ('HBRIDGE_PIN_LEFT_FWD', 18), ('HBRIDGE_PIN_RIGHT', 16), ('HBRIDGE_PIN_RIGHT_BWD', 13), ('HBRIDGE_PIN_RIGHT_FWD', 15), ('IMAGE_DEPTH', 3), ('IMAGE_H', 120), ('IMAGE_W', 160), ('IMU_DLP_CONFIG', 0), ('IMU_SENSOR', 'mpu6050'), ('JOYSTICK_DEADZONE', 0.01), ('JOYSTICK_DEVICE_FILE', '/dev/input/js0'), ('JOYSTICK_MAX_THROTTLE', 1.0), ('JOYSTICK_STEERING_SCALE', 1.0), ('JOYSTICK_THROTTLE_DIR', -1.0), ('LEARNING_RATE', 0.001), ('LEARNING_RATE_DECAY', 0.0), ('LED_B', 1), ('LED_G', 0), ('LED_INVERT', False), ('LED_PIN_B', 16), ('LED_PIN_G', 10), ('LED_PIN_R', 12), ('LED_R', 0), ('LIDAR_LOWER_LIMIT', 90), ('LIDAR_TYPE', 'RP'), ('LIDAR_UPPER_LIMIT', 270), ('LOGGING_FORMAT', '%(message)s'), ('LOGGING_LEVEL', 'INFO'), ('MAX_EPOCHS', 100), ('MAX_LOOPS', None), ('MIN_DELTA', 0.0005), ('MM1_MAX_FORWARD', 2000), ('MM1_MAX_REVERSE', 1000), ('MM1_SERIAL_PORT', '/dev/ttyS0'), ('MM1_SHOW_STEERING_VALUE', False), ('MM1_STEERING_MID', 1500), ('MM1_STOPPED_PWM', 1500), ('MM_PER_TICK', 12.7625), ('MODELS_PATH', '/home/ubuntu/mycar/models'), ('MODEL_CATEGORICAL_MAX_THROTTLE_RANGE', 0.5), ('MODEL_RELOADED_LED_B', 0), ('MODEL_RELOADED_LED_G', 0), ('MODEL_RELOADED_LED_R', 100), ('NETWORK_JS_SERVER_IP', None), ('NUM_LAST_LAYERS_TO_TRAIN', 7), ('NUM_LOCATIONS', 10), ('ODOM_DEBUG', False), ('ODOM_PIN', 13), ('OPTIMIZER', None), ('PACKAGE_PATH', '/home/ubuntu/mycar'), ('PATH_FILENAME', 'donkey_path.pkl'), ('PATH_MIN_DIST', 0.3), ('PATH_OFFSET', (0, 0)), ('PATH_SCALE', 5.0), ('PCA9685_I2C_ADDR', 64), ('PCA9685_I2C_BUSNUM', 1), ('PID_D', -0.2), ('PID_I', 0.0), ('PID_P', -10.0), ('PID_THROTTLE', 0.2), ('PRINT_MODEL_SUMMARY', True), ('PRUNE_CNN', False), ('PRUNE_EVAL_PERCENT_OF_DATASET', 0.05), ('PRUNE_PERCENT_PER_ITERATION', 20), ('PRUNE_PERCENT_TARGET', 75), ('PRUNE_VAL_LOSS_DEGRADATION_LIMIT', 0.2), ('PUB_CAMERA_IMAGES', False), ('REALSENSE_D435_DEPTH', True), ('REALSENSE_D435_ID', None), ('REALSENSE_D435_IMU', False), ('REALSENSE_D435_RGB', True), ('RECORD_ALERT_COLOR_ARR', [(0, (1, 1, 1)), (3000, (5, 5, 5)), (5000, (5, 2, 0)), (10000, (0, 5, 0)), (15000, (0, 5, 5)), (20000, (0, 0, 5))]), ('RECORD_DURING_AI', False), ('REC_COUNT_ALERT', 1000), ('REC_COUNT_ALERT_BLINK_RATE', 0.4), ('REC_COUNT_ALERT_CYC', 15), ('RESET_ORIGIN_BTN', 'triangle'), ('ROI_CROP_BOTTOM', 0), ('ROI_CROP_TOP', 0), ('SAVE_PATH_BTN', 'cross'), ('SEND_BEST_MODEL_TO_PI', False), ('SEQUENCE_LENGTH', 3), ('SHOW_PLOT', True), ('SIM_ARTIFICIAL_LATENCY', 0), ('SIM_HOST', '127.0.0.1'), ('SIM_RECORD_GYROACCEL', False), ('SIM_RECORD_LOCATION', False), ('SIM_RECORD_VELOCITY', False), ('SSD1306_128_32_I2C_BUSNUM', 1), ('STEERING_CHANNEL', 8), ('STEERING_LEFT_PWM', 435), ('STEERING_PWM_FREQ', 50), ('STEERING_PWM_INVERTED', False), ('STEERING_PWM_PIN', 13), ('STEERING_RC_GPIO', 26), ('STEERING_RIGHT_PWM', 265), ('STOP_SIGN_DETECTOR', False), ('STOP_SIGN_MIN_SCORE', 0.2), ('STOP_SIGN_SHOW_BOUNDING_BOX', True), ('TARGET_D', 3), ('TARGET_H', 120), ('TARGET_W', 160), ('TELEMETRY_DEFAULT_INPUTS', 'pilot/angle,pilot/throttle,recording'), ('TELEMETRY_DEFAULT_TYPES', 'float,float'), ('TELEMETRY_DONKEY_NAME', 'my_robot1234'), ('TELEMETRY_LOGGING_ENABLE', True), ('TELEMETRY_LOGGING_FORMAT', '%(message)s'), ('TELEMETRY_LOGGING_LEVEL', 'INFO'), ('TELEMETRY_MQTT_BROKER_HOST', 'broker.hivemq.com'), ('TELEMETRY_MQTT_BROKER_PORT', 1883), ('TELEMETRY_MQTT_JSON_ENABLE', False), ('TELEMETRY_MQTT_TOPIC_TEMPLATE', 'donkey/%s/telemetry'), ('TELEMETRY_PUBLISH_PERIOD', 1), ('THROTTLE_CHANNEL', 4), ('THROTTLE_FORWARD_PWM', 395), ('THROTTLE_PWM_FREQ', 50), ('THROTTLE_PWM_INVERTED', False), ('THROTTLE_PWM_PIN', 18), ('THROTTLE_RC_GPIO', 20), ('THROTTLE_REVERSE_PWM', 220), ('THROTTLE_STOPPED_PWM', 370), ('TRAIN_BEHAVIORS', False), ('TRAIN_LOCALIZER', False), ('TRAIN_TEST_SPLIT', 0.8), ('USE_EARLY_STOP', True), ('USE_FPV', False), ('USE_JOYSTICK_AS_DEFAULT', False), ('USE_LIDAR', False), ('USE_NETWORKED_JS', False), ('USE_RC', False), ('USE_SSD1306_128_32', False), ('VERBOSE_TRAIN', True), ('WEB_CONTROL_PORT', 8887), ('WEB_INIT_MODE', 'user')]"}]