[{"Number": 0, "Name": "2021_11_17", "Type": "KerasLinear", "Tubs": "./data/1,./data/2", "Time": 1637120769.7448723, "History": {"loss": [0.05078503489494324, 0.02447664737701416, 0.019572969526052475, 0.017178066074848175, 0.015900200232863426, 0.014787443913519382, 0.013806575909256935, 0.013198676519095898, 0.012655137106776237, 0.012365603819489479], "n_outputs0_loss": [0.011876857839524746, 0.006531842984259129, 0.005580328870564699, 0.004817378241568804, 0.004572007339447737, 0.004468340426683426, 0.004344861954450607, 0.0042783236131072044, 0.0042320117354393005, 0.004234884865581989], "n_outputs1_loss": [0.038908202201128006, 0.017944810912013054, 0.013992642052471638, 0.012360681779682636, 0.011328193359076977, 0.010319103486835957, 0.009461712092161179, 0.008920349180698395, 0.008423122577369213, 0.008130721747875214], "val_loss": [0.0160665400326252, 0.013318645767867565, 0.012047845870256424, 0.011625134386122227, 0.011376987211406231, 0.011353305540978909, 0.011295785196125507, 0.011449817568063736, 0.011299463920295238, 0.011128595098853111], "val_n_outputs0_loss": [0.005608732346445322, 0.005366384983062744, 0.004320709966123104, 0.004012708552181721, 0.0037956112064421177, 0.003757651662454009, 0.003763018175959587, 0.0037911979015916586, 0.0037645413540303707, 0.0036560879088938236], "val_n_outputs1_loss": [0.010457801632583141, 0.007952261716127396, 0.0077271354384720325, 0.007612426299601793, 0.0075813778676092625, 0.007595651317387819, 0.007532771211117506, 0.00765861663967371, 0.007534919306635857, 0.007472509518265724]}, "Transfer": null, "Comment": null, "Config": "[('AI_LAUNCH_DURATION', 0.0), ('AI_LAUNCH_ENABLE_BUTTON', 'R2'), ('AI_LAUNCH_KEEP_ENABLED', False), ('AI_LAUNCH_THROTTLE', 0.0), ('AI_THROTTLE_MULT', 1.0), ('AUTO_CREATE_NEW_TUB', False), ('AUTO_RECORD_ON_THROTTLE', True), ('BATCH_SIZE', 64), ('BEHAVIOR_LED_COLORS', [(0, 10, 0), (10, 0, 0)]), ('BEHAVIOR_LIST', ['Left_Lane', 'Right_Lane']), ('BUTTON_PRESS_NEW_TUB', False), ('CACHE_IMAGES', True), ('CAMERA_FRAMERATE', 20), ('CAMERA_HFLIP', False), ('CAMERA_TYPE', 'WEBCAM'), ('CAMERA_VFLIP', False), ('CAR_PATH', '/home/ubuntu/mycar'), ('CONTROLLER_TYPE', 'xbox'), ('CSIC_CAM_GSTREAMER_FLIP_PARM', 0), ('DATA_PATH', '/home/ubuntu/mycar/data'), ('DATA_WIPER_RC_GPIO', 19), ('DEFAULT_AI_FRAMEWORK', 'tensorflow'), ('DEFAULT_MODEL_TYPE', 'linear'), ('DONKEY_GYM', False), ('DONKEY_GYM_ENV_NAME', 'donkey-generated-track-v0'), ('DONKEY_SIM_PATH', 'path to sim'), ('DRIVE_LOOP_HZ', 20), ('DRIVE_TRAIN_TYPE', 'SERVO_ESC'), ('EARLY_STOP_PATIENCE', 5), ('ENCODER_TYPE', 'GPIO'), ('FREEZE_LAYERS', False), ('GYM_CONF', {'body_style': 'donkey', 'body_rgb': (128, 128, 128), 'car_name': 'car', 'font_size': 100, 'racer_name': 'Your Name', 'country': 'Place', 'bio': 'I race robots.'}), ('HAVE_CONSOLE_LOGGING', True), ('HAVE_IMU', False), ('HAVE_MQTT_TELEMETRY', False), ('HAVE_ODOM', False), ('HAVE_PERFMON', False), ('HAVE_RGB_LED', False), ('HAVE_ROBOHAT', False), ('HAVE_SOMBRERO', False), ('HBRIDGE_L298N_PIN_LEFT_BWD', 18), ('HBRIDGE_L298N_PIN_LEFT_EN', 22), ('HBRIDGE_L298N_PIN_LEFT_FWD', 16), ('HBRIDGE_L298N_PIN_RIGHT_BWD', 13), ('HBRIDGE_L298N_PIN_RIGHT_EN', 11), ('HBRIDGE_L298N_PIN_RIGHT_FWD', 15), ('HBRIDGE_PIN_BWD', 13), ('HBRIDGE_PIN_FWD', 15), ('HBRIDGE_PIN_LEFT', 18), ('HBRIDGE_PIN_LEFT_BWD', 16), ('HBRIDGE_PIN_LEFT_FWD', 18), ('HBRIDGE_PIN_RIGHT', 16), ('HBRIDGE_PIN_RIGHT_BWD', 13), ('HBRIDGE_PIN_RIGHT_FWD', 15), ('IMAGE_DEPTH', 3), ('IMAGE_H', 120), ('IMAGE_W', 160), ('IMU_DLP_CONFIG', 0), ('IMU_SENSOR', 'mpu6050'), ('JOYSTICK_DEADZONE', 0.01), ('JOYSTICK_DEVICE_FILE', '/dev/input/js0'), ('JOYSTICK_MAX_THROTTLE', 1.0), ('JOYSTICK_STEERING_SCALE', 1.0), ('JOYSTICK_THROTTLE_DIR', -1.0), ('LEARNING_RATE', 0.001), ('LEARNING_RATE_DECAY', 0.0), ('LED_B', 1), ('LED_G', 0), ('LED_INVERT', False), ('LED_PIN_B', 16), ('LED_PIN_G', 10), ('LED_PIN_R', 12), ('LED_R', 0), ('LIDAR_LOWER_LIMIT', 90), ('LIDAR_TYPE', 'RP'), ('LIDAR_UPPER_LIMIT', 270), ('LOGGING_FORMAT', '%(message)s'), ('LOGGING_LEVEL', 'INFO'), ('MAX_EPOCHS', 100), ('MAX_LOOPS', None), ('MIN_DELTA', 0.0005), ('MM1_MAX_FORWARD', 2000), ('MM1_MAX_REVERSE', 1000), ('MM1_SERIAL_PORT', '/dev/ttyS0'), ('MM1_SHOW_STEERING_VALUE', False), ('MM1_STEERING_MID', 1500), ('MM1_STOPPED_PWM', 1500), ('MM_PER_TICK', 12.7625), ('MODELS_PATH', '/home/ubuntu/mycar/models'), ('MODEL_CATEGORICAL_MAX_THROTTLE_RANGE', 0.5), ('MODEL_RELOADED_LED_B', 0), ('MODEL_RELOADED_LED_G', 0), ('MODEL_RELOADED_LED_R', 100), ('NETWORK_JS_SERVER_IP', None), ('NUM_LAST_LAYERS_TO_TRAIN', 7), ('NUM_LOCATIONS', 10), ('ODOM_DEBUG', False), ('ODOM_PIN', 13), ('OPTIMIZER', None), ('PACKAGE_PATH', '/home/ubuntu/mycar'), ('PATH_FILENAME', 'donkey_path.pkl'), ('PATH_MIN_DIST', 0.3), ('PATH_OFFSET', (0, 0)), ('PATH_SCALE', 5.0), ('PCA9685_I2C_ADDR', 64), ('PCA9685_I2C_BUSNUM', 1), ('PID_D', -0.2), ('PID_I', 0.0), ('PID_P', -10.0), ('PID_THROTTLE', 0.2), ('PRINT_MODEL_SUMMARY', True), ('PRUNE_CNN', False), ('PRUNE_EVAL_PERCENT_OF_DATASET', 0.05), ('PRUNE_PERCENT_PER_ITERATION', 20), ('PRUNE_PERCENT_TARGET', 75), ('PRUNE_VAL_LOSS_DEGRADATION_LIMIT', 0.2), ('PUB_CAMERA_IMAGES', False), ('REALSENSE_D435_DEPTH', True), ('REALSENSE_D435_ID', None), ('REALSENSE_D435_IMU', False), ('REALSENSE_D435_RGB', True), ('RECORD_ALERT_COLOR_ARR', [(0, (1, 1, 1)), (3000, (5, 5, 5)), (5000, (5, 2, 0)), (10000, (0, 5, 0)), (15000, (0, 5, 5)), (20000, (0, 0, 5))]), ('RECORD_DURING_AI', False), ('REC_COUNT_ALERT', 1000), ('REC_COUNT_ALERT_BLINK_RATE', 0.4), ('REC_COUNT_ALERT_CYC', 15), ('RESET_ORIGIN_BTN', 'triangle'), ('ROI_CROP_BOTTOM', 0), ('ROI_CROP_TOP', 0), ('SAVE_PATH_BTN', 'cross'), ('SEND_BEST_MODEL_TO_PI', False), ('SEQUENCE_LENGTH', 3), ('SHOW_PLOT', True), ('SIM_ARTIFICIAL_LATENCY', 0), ('SIM_HOST', '127.0.0.1'), ('SIM_RECORD_GYROACCEL', False), ('SIM_RECORD_LOCATION', False), ('SIM_RECORD_VELOCITY', False), ('SSD1306_128_32_I2C_BUSNUM', 1), ('STEERING_CHANNEL', 8), ('STEERING_LEFT_PWM', 435), ('STEERING_PWM_FREQ', 50), ('STEERING_PWM_INVERTED', False), ('STEERING_PWM_PIN', 13), ('STEERING_RC_GPIO', 26), ('STEERING_RIGHT_PWM', 265), ('STOP_SIGN_DETECTOR', False), ('STOP_SIGN_MIN_SCORE', 0.2), ('STOP_SIGN_SHOW_BOUNDING_BOX', True), ('TARGET_D', 3), ('TARGET_H', 120), ('TARGET_W', 160), ('TELEMETRY_DEFAULT_INPUTS', 'pilot/angle,pilot/throttle,recording'), ('TELEMETRY_DEFAULT_TYPES', 'float,float'), ('TELEMETRY_DONKEY_NAME', 'my_robot1234'), ('TELEMETRY_LOGGING_ENABLE', True), ('TELEMETRY_LOGGING_FORMAT', '%(message)s'), ('TELEMETRY_LOGGING_LEVEL', 'INFO'), ('TELEMETRY_MQTT_BROKER_HOST', 'broker.hivemq.com'), ('TELEMETRY_MQTT_BROKER_PORT', 1883), ('TELEMETRY_MQTT_JSON_ENABLE', False), ('TELEMETRY_MQTT_TOPIC_TEMPLATE', 'donkey/%s/telemetry'), ('TELEMETRY_PUBLISH_PERIOD', 1), ('THROTTLE_CHANNEL', 4), ('THROTTLE_FORWARD_PWM', 395), ('THROTTLE_PWM_FREQ', 50), ('THROTTLE_PWM_INVERTED', False), ('THROTTLE_PWM_PIN', 18), ('THROTTLE_RC_GPIO', 20), ('THROTTLE_REVERSE_PWM', 220), ('THROTTLE_STOPPED_PWM', 370), ('TRAIN_BEHAVIORS', False), ('TRAIN_LOCALIZER', False), ('TRAIN_TEST_SPLIT', 0.8), ('USE_EARLY_STOP', True), ('USE_FPV', False), ('USE_JOYSTICK_AS_DEFAULT', False), ('USE_LIDAR', False), ('USE_NETWORKED_JS', False), ('USE_RC', False), ('USE_SSD1306_128_32', False), ('VERBOSE_TRAIN', True), ('WEB_CONTROL_PORT', 8887), ('WEB_INIT_MODE', 'user')]"}, {"Number": 0, "Name": "2021_11_20_epoch100", "Type": "KerasLinear", "Tubs": "./data/1,./data/2", "Time": 1637386360.614903, "History": {"loss": [0.06310362368822098, 0.02401837706565857, 0.018951306119561195, 0.0172677431255579, 0.01605137437582016, 0.015066932886838913, 0.014191660098731518, 0.013426662422716618, 0.0128824133425951, 0.012497861869633198, 0.01214123610407114, 0.011923063546419144], "n_outputs0_loss": [0.013554598204791546, 0.006454857066273689, 0.0050181313417851925, 0.00463311979547143, 0.004471026826649904, 0.004346500150859356, 0.0042628757655620575, 0.004219247028231621, 0.004205010365694761, 0.004148238338530064, 0.0041261459700763226, 0.004090994130820036], "n_outputs1_loss": [0.04954899474978447, 0.01756351999938488, 0.013933183625340462, 0.012634621001780033, 0.011580348014831543, 0.010720435529947281, 0.009928785264492035, 0.0092074079439044, 0.008677405305206776, 0.008349626325070858, 0.008015086874365807, 0.007832084782421589], "val_loss": [0.016846591606736183, 0.013472538441419601, 0.012188444845378399, 0.011987211182713509, 0.01180482842028141, 0.011744481511414051, 0.011632772162556648, 0.011602021753787994, 0.011454593390226364, 0.011357031762599945, 0.011348587460815907, 0.011288720183074474], "val_n_outputs0_loss": [0.005862303543835878, 0.0046590231359004974, 0.0041940053924918175, 0.004216651897877455, 0.004064818844199181, 0.004028388764709234, 0.004039498046040535, 0.0039617144502699375, 0.0038671442307531834, 0.003913043532520533, 0.003915298264473677, 0.0039009475149214268], "val_n_outputs1_loss": [0.01098429225385189, 0.00881351251155138, 0.007994436658918858, 0.0077705588191747665, 0.007740007247775793, 0.00771609041839838, 0.007593275047838688, 0.0076403128914535046, 0.007587451953440905, 0.007443985901772976, 0.007433285005390644, 0.0073877680115401745]}, "Transfer": null, "Comment": null, "Config": "[('AI_LAUNCH_DURATION', 0.0), ('AI_LAUNCH_ENABLE_BUTTON', 'R2'), ('AI_LAUNCH_KEEP_ENABLED', False), ('AI_LAUNCH_THROTTLE', 0.0), ('AI_THROTTLE_MULT', 1.0), ('AUTO_CREATE_NEW_TUB', False), ('AUTO_RECORD_ON_THROTTLE', True), ('BATCH_SIZE', 64), ('BEHAVIOR_LED_COLORS', [(0, 10, 0), (10, 0, 0)]), ('BEHAVIOR_LIST', ['Left_Lane', 'Right_Lane']), ('BUTTON_PRESS_NEW_TUB', False), ('CACHE_IMAGES', True), ('CAMERA_FRAMERATE', 20), ('CAMERA_HFLIP', False), ('CAMERA_TYPE', 'WEBCAM'), ('CAMERA_VFLIP', False), ('CAR_PATH', '/home/ubuntu/mycar'), ('CONTROLLER_TYPE', 'xbox'), ('CSIC_CAM_GSTREAMER_FLIP_PARM', 0), ('DATA_PATH', '/home/ubuntu/mycar/data'), ('DATA_WIPER_RC_GPIO', 19), ('DEFAULT_AI_FRAMEWORK', 'tensorflow'), ('DEFAULT_MODEL_TYPE', 'linear'), ('DONKEY_GYM', False), ('DONKEY_GYM_ENV_NAME', 'donkey-generated-track-v0'), ('DONKEY_SIM_PATH', 'path to sim'), ('DRIVE_LOOP_HZ', 20), ('DRIVE_TRAIN_TYPE', 'SERVO_ESC'), ('EARLY_STOP_PATIENCE', 5), ('ENCODER_TYPE', 'GPIO'), ('FREEZE_LAYERS', False), ('GYM_CONF', {'body_style': 'donkey', 'body_rgb': (128, 128, 128), 'car_name': 'car', 'font_size': 100, 'racer_name': 'Your Name', 'country': 'Place', 'bio': 'I race robots.'}), ('HAVE_CONSOLE_LOGGING', True), ('HAVE_IMU', False), ('HAVE_MQTT_TELEMETRY', False), ('HAVE_ODOM', False), ('HAVE_PERFMON', False), ('HAVE_RGB_LED', False), ('HAVE_ROBOHAT', False), ('HAVE_SOMBRERO', False), ('HBRIDGE_L298N_PIN_LEFT_BWD', 18), ('HBRIDGE_L298N_PIN_LEFT_EN', 22), ('HBRIDGE_L298N_PIN_LEFT_FWD', 16), ('HBRIDGE_L298N_PIN_RIGHT_BWD', 13), ('HBRIDGE_L298N_PIN_RIGHT_EN', 11), ('HBRIDGE_L298N_PIN_RIGHT_FWD', 15), ('HBRIDGE_PIN_BWD', 13), ('HBRIDGE_PIN_FWD', 15), ('HBRIDGE_PIN_LEFT', 18), ('HBRIDGE_PIN_LEFT_BWD', 16), ('HBRIDGE_PIN_LEFT_FWD', 18), ('HBRIDGE_PIN_RIGHT', 16), ('HBRIDGE_PIN_RIGHT_BWD', 13), ('HBRIDGE_PIN_RIGHT_FWD', 15), ('IMAGE_DEPTH', 3), ('IMAGE_H', 120), ('IMAGE_W', 160), ('IMU_DLP_CONFIG', 0), ('IMU_SENSOR', 'mpu6050'), ('JOYSTICK_DEADZONE', 0.01), ('JOYSTICK_DEVICE_FILE', '/dev/input/js0'), ('JOYSTICK_MAX_THROTTLE', 1.0), ('JOYSTICK_STEERING_SCALE', 1.0), ('JOYSTICK_THROTTLE_DIR', -1.0), ('LEARNING_RATE', 0.001), ('LEARNING_RATE_DECAY', 0.0), ('LED_B', 1), ('LED_G', 0), ('LED_INVERT', False), ('LED_PIN_B', 16), ('LED_PIN_G', 10), ('LED_PIN_R', 12), ('LED_R', 0), ('LIDAR_LOWER_LIMIT', 90), ('LIDAR_TYPE', 'RP'), ('LIDAR_UPPER_LIMIT', 270), ('LOGGING_FORMAT', '%(message)s'), ('LOGGING_LEVEL', 'INFO'), ('MAX_EPOCHS', 100), ('MAX_LOOPS', None), ('MIN_DELTA', 0.0005), ('MM1_MAX_FORWARD', 2000), ('MM1_MAX_REVERSE', 1000), ('MM1_SERIAL_PORT', '/dev/ttyS0'), ('MM1_SHOW_STEERING_VALUE', False), ('MM1_STEERING_MID', 1500), ('MM1_STOPPED_PWM', 1500), ('MM_PER_TICK', 12.7625), ('MODELS_PATH', '/home/ubuntu/mycar/models'), ('MODEL_CATEGORICAL_MAX_THROTTLE_RANGE', 0.5), ('MODEL_RELOADED_LED_B', 0), ('MODEL_RELOADED_LED_G', 0), ('MODEL_RELOADED_LED_R', 100), ('NETWORK_JS_SERVER_IP', None), ('NUM_LAST_LAYERS_TO_TRAIN', 7), ('NUM_LOCATIONS', 10), ('ODOM_DEBUG', False), ('ODOM_PIN', 13), ('OPTIMIZER', None), ('PACKAGE_PATH', '/home/ubuntu/mycar'), ('PATH_FILENAME', 'donkey_path.pkl'), ('PATH_MIN_DIST', 0.3), ('PATH_OFFSET', (0, 0)), ('PATH_SCALE', 5.0), ('PCA9685_I2C_ADDR', 64), ('PCA9685_I2C_BUSNUM', 1), ('PID_D', -0.2), ('PID_I', 0.0), ('PID_P', -10.0), ('PID_THROTTLE', 0.2), ('PRINT_MODEL_SUMMARY', True), ('PRUNE_CNN', False), ('PRUNE_EVAL_PERCENT_OF_DATASET', 0.05), ('PRUNE_PERCENT_PER_ITERATION', 20), ('PRUNE_PERCENT_TARGET', 75), ('PRUNE_VAL_LOSS_DEGRADATION_LIMIT', 0.2), ('PUB_CAMERA_IMAGES', False), ('REALSENSE_D435_DEPTH', True), ('REALSENSE_D435_ID', None), ('REALSENSE_D435_IMU', False), ('REALSENSE_D435_RGB', True), ('RECORD_ALERT_COLOR_ARR', [(0, (1, 1, 1)), (3000, (5, 5, 5)), (5000, (5, 2, 0)), (10000, (0, 5, 0)), (15000, (0, 5, 5)), (20000, (0, 0, 5))]), ('RECORD_DURING_AI', False), ('REC_COUNT_ALERT', 1000), ('REC_COUNT_ALERT_BLINK_RATE', 0.4), ('REC_COUNT_ALERT_CYC', 15), ('RESET_ORIGIN_BTN', 'triangle'), ('ROI_CROP_BOTTOM', 0), ('ROI_CROP_TOP', 0), ('SAVE_PATH_BTN', 'cross'), ('SEND_BEST_MODEL_TO_PI', False), ('SEQUENCE_LENGTH', 3), ('SHOW_PLOT', True), ('SIM_ARTIFICIAL_LATENCY', 0), ('SIM_HOST', '127.0.0.1'), ('SIM_RECORD_GYROACCEL', False), ('SIM_RECORD_LOCATION', False), ('SIM_RECORD_VELOCITY', False), ('SSD1306_128_32_I2C_BUSNUM', 1), ('STEERING_CHANNEL', 8), ('STEERING_LEFT_PWM', 435), ('STEERING_PWM_FREQ', 50), ('STEERING_PWM_INVERTED', False), ('STEERING_PWM_PIN', 13), ('STEERING_RC_GPIO', 26), ('STEERING_RIGHT_PWM', 265), ('STOP_SIGN_DETECTOR', False), ('STOP_SIGN_MIN_SCORE', 0.2), ('STOP_SIGN_SHOW_BOUNDING_BOX', True), ('TARGET_D', 3), ('TARGET_H', 120), ('TARGET_W', 160), ('TELEMETRY_DEFAULT_INPUTS', 'pilot/angle,pilot/throttle,recording'), ('TELEMETRY_DEFAULT_TYPES', 'float,float'), ('TELEMETRY_DONKEY_NAME', 'my_robot1234'), ('TELEMETRY_LOGGING_ENABLE', True), ('TELEMETRY_LOGGING_FORMAT', '%(message)s'), ('TELEMETRY_LOGGING_LEVEL', 'INFO'), ('TELEMETRY_MQTT_BROKER_HOST', 'broker.hivemq.com'), ('TELEMETRY_MQTT_BROKER_PORT', 1883), ('TELEMETRY_MQTT_JSON_ENABLE', False), ('TELEMETRY_MQTT_TOPIC_TEMPLATE', 'donkey/%s/telemetry'), ('TELEMETRY_PUBLISH_PERIOD', 1), ('THROTTLE_CHANNEL', 4), ('THROTTLE_FORWARD_PWM', 395), ('THROTTLE_PWM_FREQ', 50), ('THROTTLE_PWM_INVERTED', False), ('THROTTLE_PWM_PIN', 18), ('THROTTLE_RC_GPIO', 20), ('THROTTLE_REVERSE_PWM', 220), ('THROTTLE_STOPPED_PWM', 370), ('TRAIN_BEHAVIORS', False), ('TRAIN_LOCALIZER', False), ('TRAIN_TEST_SPLIT', 0.8), ('USE_EARLY_STOP', False), ('USE_FPV', False), ('USE_JOYSTICK_AS_DEFAULT', False), ('USE_LIDAR', False), ('USE_NETWORKED_JS', False), ('USE_RC', False), ('USE_SSD1306_128_32', False), ('VERBOSE_TRAIN', True), ('WEB_CONTROL_PORT', 8887), ('WEB_INIT_MODE', 'user')]"}, {"Number": 0, "Name": "2021_11_20_epoch100", "Type": "KerasLinear", "Tubs": "./data/1,./data/2", "Time": 1637400500.5187805, "History": {"loss": [0.05390230566263199, 0.024040237069129944, 0.019127266481518745, 0.017311586067080498, 0.016046682372689247, 0.015068227425217628, 0.01430625282227993, 0.0136299729347229, 0.01307662483304739, 0.012675453908741474, 0.012362634763121605, 0.012099328450858593, 0.011915946379303932, 0.01178139727562666, 0.011609846726059914, 0.011720754206180573, 0.011496780440211296, 0.01142072957009077, 0.01128472201526165, 0.011273909360170364, 0.01119151059538126, 0.011081761680543423, 0.011065833270549774, 0.010953905060887337, 0.010871676728129387, 0.010738594457507133, 0.01072001177817583, 0.010551880113780499, 0.01059334259480238, 0.010489953681826591, 0.010372121818363667, 0.010206860490143299, 0.010259550996124744, 0.01009482890367508, 0.010200416669249535, 0.010002410039305687, 0.009816838428378105, 0.009759749285876751, 0.009824206121265888, 0.009601806290447712, 0.009652379900217056, 0.009528140537440777, 0.009476754814386368, 0.009492721408605576, 0.009368011727929115, 0.009277739562094212, 0.009297625161707401, 0.009147243574261665, 0.009150708094239235, 0.009145202115178108, 0.008976643905043602, 0.009027866646647453, 0.008959917351603508, 0.00893532857298851, 0.00878866482526064, 0.008740605786442757, 0.008713177405297756, 0.008632215671241283, 0.008691515773534775, 0.008563653565943241, 0.008502552285790443, 0.008508088998496532, 0.008418138138949871, 0.008457518182694912, 0.008422556333243847, 0.008352448232471943, 0.008117207325994968, 0.008158373646438122, 0.008124967105686665, 0.00805540382862091, 0.008130828849971294, 0.007981774397194386, 0.0079271225258708, 0.007755021099001169, 0.00792678166180849, 0.00800162460654974, 0.00772804906591773, 0.007695678621530533, 0.007719482760876417, 0.007578871212899685, 0.007576070725917816, 0.007597052026540041, 0.007616675924509764, 0.007600411307066679, 0.007526606321334839, 0.007526281755417585, 0.007574002258479595, 0.007375052664428949, 0.007334075402468443, 0.007282807491719723, 0.007297320291399956, 0.007307559251785278, 0.007121127098798752, 0.007122938521206379, 0.007163341622799635, 0.007172086741775274, 0.007014871574938297, 0.007031559012830257, 0.007096439599990845, 0.0070036533288657665], "n_outputs0_loss": [0.010773204267024994, 0.006498049013316631, 0.0056231264024972916, 0.004851301200687885, 0.0045543392188847065, 0.004367112182080746, 0.004348146729171276, 0.004253269638866186, 0.004206864163279533, 0.004172815941274166, 0.004157554358243942, 0.004134826362133026, 0.00410438422113657, 0.004087336827069521, 0.004050782416015863, 0.004075340926647186, 0.004070825409144163, 0.0039796363562345505, 0.003970165736973286, 0.003992659039795399, 0.003944240976125002, 0.003934880252927542, 0.003969748504459858, 0.003923771902918816, 0.0038956422358751297, 0.003839972196146846, 0.0039099110290408134, 0.00384250795468688, 0.003898459021002054, 0.0038573099300265312, 0.003786663757637143, 0.0037783097941428423, 0.0037682291585952044, 0.0037576714530587196, 0.0038067270070314407, 0.0037042589392513037, 0.0036366432905197144, 0.003625348210334778, 0.0036576027050614357, 0.0035776833537966013, 0.003635135944932699, 0.003593561239540577, 0.0036281063221395016, 0.0035733890254050493, 0.003538602963089943, 0.0034843902103602886, 0.003519318765029311, 0.0034909790847450495, 0.003485612105578184, 0.0034792181104421616, 0.003424926195293665, 0.0034282016567885876, 0.003456894541159272, 0.003388170385733247, 0.0033593587577342987, 0.003354237647727132, 0.0033199843019247055, 0.003323701675981283, 0.003349069971591234, 0.0033904039300978184, 0.003313000313937664, 0.0033363127149641514, 0.0033052482176572084, 0.003316575428470969, 0.003254843410104513, 0.0032078037038445473, 0.003140398534014821, 0.003206269582733512, 0.0032236925326287746, 0.0031826298218220472, 0.0032088570296764374, 0.0031453100964426994, 0.0030857520177960396, 0.003100767033174634, 0.0031529178377240896, 0.00315693742595613, 0.0030437109526246786, 0.0030798667576164007, 0.0030726371333003044, 0.0030214807484298944, 0.0030118832364678383, 0.0030484588351100683, 0.003075640182942152, 0.002997008617967367, 0.0030195245053619146, 0.0030156371649354696, 0.0030312559101730585, 0.002943541621789336, 0.002935100346803665, 0.002965708263218403, 0.0029642090667039156, 0.0029257533606141806, 0.0028076828457415104, 0.002822456881403923, 0.0028405729681253433, 0.002897500991821289, 0.002802299801260233, 0.002863285131752491, 0.0028980670031160116, 0.002789359539747238], "n_outputs1_loss": [0.04312911257147789, 0.017542196437716484, 0.013504144735634327, 0.012460274621844292, 0.011492334306240082, 0.010701105929911137, 0.00995810516178608, 0.009376699104905128, 0.008869772776961327, 0.008502635173499584, 0.008205079473555088, 0.007964486256241798, 0.0078115640208125114, 0.0076940590515732765, 0.00755906431004405, 0.007645413279533386, 0.007425952237099409, 0.0074411011300981045, 0.007314556278288364, 0.007281244266778231, 0.0072472658939659595, 0.007146884221583605, 0.007096087094396353, 0.007030136417597532, 0.006976031698286533, 0.006898621097207069, 0.006810110993683338, 0.00670936843380332, 0.006694884039461613, 0.006632640026509762, 0.00658545782789588, 0.00642854068428278, 0.006491317413747311, 0.006337150931358337, 0.00639368174597621, 0.0062981476075947285, 0.006180190946906805, 0.0061343940906226635, 0.006166605278849602, 0.006024119444191456, 0.006017245817929506, 0.005934578366577625, 0.005848652683198452, 0.005919332150369883, 0.005829417612403631, 0.005793354008346796, 0.005778309889137745, 0.005656265653669834, 0.005665093660354614, 0.005665984470397234, 0.005551721900701523, 0.005599666852504015, 0.005503024905920029, 0.005547149572521448, 0.005429306533187628, 0.0053863683715462685, 0.005393198225647211, 0.00530851399526, 0.005342452321201563, 0.005173253361135721, 0.005189545918256044, 0.005171780474483967, 0.005112888291478157, 0.005140945315361023, 0.005167711991816759, 0.005144646391272545, 0.004976802971214056, 0.004952096380293369, 0.004901275970041752, 0.00487277377396822, 0.004921970888972282, 0.0048364633694291115, 0.004841370973736048, 0.004654261749237776, 0.004773869179189205, 0.00484468974173069, 0.004684333223849535, 0.004615816753357649, 0.004646844230592251, 0.00455738790333271, 0.00456418888643384, 0.004548592027276754, 0.004541033413261175, 0.0046034036204218864, 0.004507081583142281, 0.004510646220296621, 0.0045427484437823296, 0.004431510344147682, 0.004398972727358341, 0.0043171001598238945, 0.00433311564847827, 0.004381803795695305, 0.004313441459089518, 0.004300480242818594, 0.00432276725769043, 0.004274588078260422, 0.004212567117065191, 0.004168271087110043, 0.004198375158011913, 0.004214296583086252], "val_loss": [0.021360062062740326, 0.013712948188185692, 0.012461480684578419, 0.011862000450491905, 0.012028881348669529, 0.01155307237058878, 0.011504358612000942, 0.011438429355621338, 0.011288064531981945, 0.011348612606525421, 0.01113784871995449, 0.011347479186952114, 0.011342935264110565, 0.011007371358573437, 0.010946986265480518, 0.010882413946092129, 0.010889344848692417, 0.010897895321249962, 0.01077734213322401, 0.010784602724015713, 0.010811139829456806, 0.01094798929989338, 0.01067211665213108, 0.010388524271547794, 0.010278725996613503, 0.010272534564137459, 0.010322876274585724, 0.010108914226293564, 0.010050361976027489, 0.009885404258966446, 0.009878232143819332, 0.009930700995028019, 0.009784005582332611, 0.009783006273210049, 0.009568506851792336, 0.009678313508629799, 0.009576315060257912, 0.009695715270936489, 0.009456484578549862, 0.00938122346997261, 0.009273359552025795, 0.009449428878724575, 0.009724917821586132, 0.009192356839776039, 0.009134710766375065, 0.00927885714918375, 0.009265669621527195, 0.009129120036959648, 0.00899930763989687, 0.008833212777972221, 0.008937964215874672, 0.009202780202031136, 0.008889371529221535, 0.009072158485651016, 0.008968336507678032, 0.008660173043608665, 0.008815604262053967, 0.009100320748984814, 0.008746483363211155, 0.01074130367487669, 0.008575009182095528, 0.008709575980901718, 0.00885553564876318, 0.008344852365553379, 0.008612125180661678, 0.008543458767235279, 0.008480108343064785, 0.008460935205221176, 0.008369632996618748, 0.009233670309185982, 0.008470451459288597, 0.008333600126206875, 0.008190472610294819, 0.008485067635774612, 0.008112753741443157, 0.0082854013890028, 0.008438491262495518, 0.008082198910415173, 0.00797192007303238, 0.008274543099105358, 0.008111647330224514, 0.008046938106417656, 0.008284485898911953, 0.008045366033911705, 0.008454433642327785, 0.008491028100252151, 0.008043373003602028, 0.007960297167301178, 0.007855646312236786, 0.00819027703255415, 0.007877771742641926, 0.007759607397019863, 0.007922224700450897, 0.007886800915002823, 0.007927678525447845, 0.008060063235461712, 0.00796746090054512, 0.00798212829977274, 0.007662047632038593, 0.007948877289891243], "val_n_outputs0_loss": [0.006105505861341953, 0.005749579519033432, 0.004820548929274082, 0.004302453715354204, 0.0043562548235058784, 0.00415454525500536, 0.004081330262124538, 0.0041242544539272785, 0.0039968909695744514, 0.00407234113663435, 0.003990829456597567, 0.004093737341463566, 0.004136177245527506, 0.003936334978789091, 0.00397335272282362, 0.003916476853191853, 0.003954027779400349, 0.003915635868906975, 0.0039083510637283325, 0.003934029955416918, 0.003884092438966036, 0.0039800722151994705, 0.003929927479475737, 0.003889994928613305, 0.0038769086822867393, 0.0038700303994119167, 0.003885431680828333, 0.0038805382791906595, 0.0038478022906929255, 0.003874455578625202, 0.00386602571234107, 0.00391532713547349, 0.003889287356287241, 0.003876663511618972, 0.003824475221335888, 0.003931345418095589, 0.003919669892638922, 0.0038970629684627056, 0.0038085496053099632, 0.0038426092360168695, 0.0038947011344134808, 0.003874480025842786, 0.00391702214255929, 0.003841541474685073, 0.0038086590357124805, 0.0038954250048846006, 0.003816095646470785, 0.003826574422419071, 0.003842257894575596, 0.0038082224782556295, 0.0038048597052693367, 0.003884774399921298, 0.003792621660977602, 0.003940420225262642, 0.00380056444555521, 0.00368507020175457, 0.003739102277904749, 0.0038050280418246984, 0.003788700560107827, 0.004352175630629063, 0.0036574320401996374, 0.003706831717863679, 0.0038609898183494806, 0.003610998624935746, 0.0037121563218533993, 0.003816332435235381, 0.003654820378869772, 0.0037461374886333942, 0.0037122047506272793, 0.003930892329663038, 0.003686213633045554, 0.0036971759982407093, 0.0036473830696195364, 0.003847280517220497, 0.0035639198031276464, 0.0036377280484884977, 0.003654913045465946, 0.003581620054319501, 0.0035765001084655523, 0.0036954761017113924, 0.003594577545300126, 0.0036139788571745157, 0.0036312418524175882, 0.003631440456956625, 0.003778966376557946, 0.003782137529924512, 0.0036132957320660353, 0.0035992758348584175, 0.0035009144339710474, 0.003612104570493102, 0.003490164177492261, 0.0034552766010165215, 0.003517907578498125, 0.0034993798471987247, 0.0035069496370851994, 0.003544009290635586, 0.003536454401910305, 0.003674254519864917, 0.003485163440927863, 0.003550340887159109], "val_n_outputs1_loss": [0.015254557132720947, 0.007963369600474834, 0.007640932220965624, 0.007559549994766712, 0.007672624662518501, 0.007398525718599558, 0.007423023693263531, 0.0073141735047101974, 0.00729117076843977, 0.007276271935552359, 0.007147019263356924, 0.007253740914165974, 0.007206754293292761, 0.007071034051477909, 0.006973629351705313, 0.006965936161577702, 0.006935311947017908, 0.006982260383665562, 0.0068689933978021145, 0.006850569974631071, 0.006927048321813345, 0.006967918947339058, 0.0067421915009617805, 0.006498529575765133, 0.006401817314326763, 0.006402507424354553, 0.006437439937144518, 0.006228371988981962, 0.006202558055520058, 0.006010950542986393, 0.006012204103171825, 0.006015378050506115, 0.005894720554351807, 0.0059063429944217205, 0.005744027905166149, 0.005746969021856785, 0.005656644236296415, 0.0057986523024737835, 0.005647934041917324, 0.005538616795092821, 0.005378656554967165, 0.005574950482696295, 0.005807892419397831, 0.005350816994905472, 0.005326053127646446, 0.005383432377129793, 0.005449578631669283, 0.005302543751895428, 0.005157048813998699, 0.005024989601224661, 0.005133107770234346, 0.005318004172295332, 0.005096752196550369, 0.005131741985678673, 0.005167774390429258, 0.004975100513547659, 0.0050765047781169415, 0.005295292474329472, 0.004957782104611397, 0.006389130372554064, 0.004917575512081385, 0.005002740770578384, 0.004994542803615332, 0.004733853507786989, 0.004899970721453428, 0.00472712516784668, 0.004825284704566002, 0.0047147986479103565, 0.004657428711652756, 0.005302777513861656, 0.004784242250025272, 0.004636425990611315, 0.0045430888421833515, 0.004637783858925104, 0.004548834636807442, 0.004647675435990095, 0.004783579148352146, 0.004500576760619879, 0.00439542206004262, 0.004579066764563322, 0.004517066292464733, 0.004432959947735071, 0.004653245210647583, 0.00441392557695508, 0.0046754684299230576, 0.00470889313146472, 0.004430076573044062, 0.0043610213324427605, 0.004354731645435095, 0.0045781745575368404, 0.0043876077979803085, 0.004304332192987204, 0.004404316656291485, 0.0043874201364815235, 0.004420728422701359, 0.004516050685197115, 0.00443100742995739, 0.004307873547077179, 0.0041768853552639484, 0.0043985359370708466]}, "Transfer": null, "Comment": null, "Config": "[('AI_LAUNCH_DURATION', 0.0), ('AI_LAUNCH_ENABLE_BUTTON', 'R2'), ('AI_LAUNCH_KEEP_ENABLED', False), ('AI_LAUNCH_THROTTLE', 0.0), ('AI_THROTTLE_MULT', 1.0), ('AUTO_CREATE_NEW_TUB', False), ('AUTO_RECORD_ON_THROTTLE', True), ('BATCH_SIZE', 64), ('BEHAVIOR_LED_COLORS', [(0, 10, 0), (10, 0, 0)]), ('BEHAVIOR_LIST', ['Left_Lane', 'Right_Lane']), ('BUTTON_PRESS_NEW_TUB', False), ('CACHE_IMAGES', True), ('CAMERA_FRAMERATE', 20), ('CAMERA_HFLIP', False), ('CAMERA_TYPE', 'WEBCAM'), ('CAMERA_VFLIP', False), ('CAR_PATH', '/home/ubuntu/mycar'), ('CONTROLLER_TYPE', 'xbox'), ('CSIC_CAM_GSTREAMER_FLIP_PARM', 0), ('DATA_PATH', '/home/ubuntu/mycar/data'), ('DATA_WIPER_RC_GPIO', 19), ('DEFAULT_AI_FRAMEWORK', 'tensorflow'), ('DEFAULT_MODEL_TYPE', 'linear'), ('DONKEY_GYM', False), ('DONKEY_GYM_ENV_NAME', 'donkey-generated-track-v0'), ('DONKEY_SIM_PATH', 'path to sim'), ('DRIVE_LOOP_HZ', 20), ('DRIVE_TRAIN_TYPE', 'SERVO_ESC'), ('EARLY_STOP_PATIENCE', 50), ('ENCODER_TYPE', 'GPIO'), ('FREEZE_LAYERS', False), ('GYM_CONF', {'body_style': 'donkey', 'body_rgb': (128, 128, 128), 'car_name': 'car', 'font_size': 100, 'racer_name': 'Your Name', 'country': 'Place', 'bio': 'I race robots.'}), ('HAVE_CONSOLE_LOGGING', True), ('HAVE_IMU', False), ('HAVE_MQTT_TELEMETRY', False), ('HAVE_ODOM', False), ('HAVE_PERFMON', False), ('HAVE_RGB_LED', False), ('HAVE_ROBOHAT', False), ('HAVE_SOMBRERO', False), ('HBRIDGE_L298N_PIN_LEFT_BWD', 18), ('HBRIDGE_L298N_PIN_LEFT_EN', 22), ('HBRIDGE_L298N_PIN_LEFT_FWD', 16), ('HBRIDGE_L298N_PIN_RIGHT_BWD', 13), ('HBRIDGE_L298N_PIN_RIGHT_EN', 11), ('HBRIDGE_L298N_PIN_RIGHT_FWD', 15), ('HBRIDGE_PIN_BWD', 13), ('HBRIDGE_PIN_FWD', 15), ('HBRIDGE_PIN_LEFT', 18), ('HBRIDGE_PIN_LEFT_BWD', 16), ('HBRIDGE_PIN_LEFT_FWD', 18), ('HBRIDGE_PIN_RIGHT', 16), ('HBRIDGE_PIN_RIGHT_BWD', 13), ('HBRIDGE_PIN_RIGHT_FWD', 15), ('IMAGE_DEPTH', 3), ('IMAGE_H', 120), ('IMAGE_W', 160), ('IMU_DLP_CONFIG', 0), ('IMU_SENSOR', 'mpu6050'), ('JOYSTICK_DEADZONE', 0.01), ('JOYSTICK_DEVICE_FILE', '/dev/input/js0'), ('JOYSTICK_MAX_THROTTLE', 1.0), ('JOYSTICK_STEERING_SCALE', 1.0), ('JOYSTICK_THROTTLE_DIR', -1.0), ('LEARNING_RATE', 0.001), ('LEARNING_RATE_DECAY', 0.0), ('LED_B', 1), ('LED_G', 0), ('LED_INVERT', False), ('LED_PIN_B', 16), ('LED_PIN_G', 10), ('LED_PIN_R', 12), ('LED_R', 0), ('LIDAR_LOWER_LIMIT', 90), ('LIDAR_TYPE', 'RP'), ('LIDAR_UPPER_LIMIT', 270), ('LOGGING_FORMAT', '%(message)s'), ('LOGGING_LEVEL', 'INFO'), ('MAX_EPOCHS', 100), ('MAX_LOOPS', None), ('MIN_DELTA', 0.0005), ('MM1_MAX_FORWARD', 2000), ('MM1_MAX_REVERSE', 1000), ('MM1_SERIAL_PORT', '/dev/ttyS0'), ('MM1_SHOW_STEERING_VALUE', False), ('MM1_STEERING_MID', 1500), ('MM1_STOPPED_PWM', 1500), ('MM_PER_TICK', 12.7625), ('MODELS_PATH', '/home/ubuntu/mycar/models'), ('MODEL_CATEGORICAL_MAX_THROTTLE_RANGE', 0.5), ('MODEL_RELOADED_LED_B', 0), ('MODEL_RELOADED_LED_G', 0), ('MODEL_RELOADED_LED_R', 100), ('NETWORK_JS_SERVER_IP', None), ('NUM_LAST_LAYERS_TO_TRAIN', 7), ('NUM_LOCATIONS', 10), ('ODOM_DEBUG', False), ('ODOM_PIN', 13), ('OPTIMIZER', None), ('PACKAGE_PATH', '/home/ubuntu/mycar'), ('PATH_FILENAME', 'donkey_path.pkl'), ('PATH_MIN_DIST', 0.3), ('PATH_OFFSET', (0, 0)), ('PATH_SCALE', 5.0), ('PCA9685_I2C_ADDR', 64), ('PCA9685_I2C_BUSNUM', 1), ('PID_D', -0.2), ('PID_I', 0.0), ('PID_P', -10.0), ('PID_THROTTLE', 0.2), ('PRINT_MODEL_SUMMARY', True), ('PRUNE_CNN', False), ('PRUNE_EVAL_PERCENT_OF_DATASET', 0.05), ('PRUNE_PERCENT_PER_ITERATION', 20), ('PRUNE_PERCENT_TARGET', 75), ('PRUNE_VAL_LOSS_DEGRADATION_LIMIT', 0.2), ('PUB_CAMERA_IMAGES', False), ('REALSENSE_D435_DEPTH', True), ('REALSENSE_D435_ID', None), ('REALSENSE_D435_IMU', False), ('REALSENSE_D435_RGB', True), ('RECORD_ALERT_COLOR_ARR', [(0, (1, 1, 1)), (3000, (5, 5, 5)), (5000, (5, 2, 0)), (10000, (0, 5, 0)), (15000, (0, 5, 5)), (20000, (0, 0, 5))]), ('RECORD_DURING_AI', False), ('REC_COUNT_ALERT', 1000), ('REC_COUNT_ALERT_BLINK_RATE', 0.4), ('REC_COUNT_ALERT_CYC', 15), ('RESET_ORIGIN_BTN', 'triangle'), ('ROI_CROP_BOTTOM', 0), ('ROI_CROP_TOP', 0), ('SAVE_PATH_BTN', 'cross'), ('SEND_BEST_MODEL_TO_PI', False), ('SEQUENCE_LENGTH', 3), ('SHOW_PLOT', True), ('SIM_ARTIFICIAL_LATENCY', 0), ('SIM_HOST', '127.0.0.1'), ('SIM_RECORD_GYROACCEL', False), ('SIM_RECORD_LOCATION', False), ('SIM_RECORD_VELOCITY', False), ('SSD1306_128_32_I2C_BUSNUM', 1), ('STEERING_CHANNEL', 8), ('STEERING_LEFT_PWM', 435), ('STEERING_PWM_FREQ', 50), ('STEERING_PWM_INVERTED', False), ('STEERING_PWM_PIN', 13), ('STEERING_RC_GPIO', 26), ('STEERING_RIGHT_PWM', 265), ('STOP_SIGN_DETECTOR', False), ('STOP_SIGN_MIN_SCORE', 0.2), ('STOP_SIGN_SHOW_BOUNDING_BOX', True), ('TARGET_D', 3), ('TARGET_H', 120), ('TARGET_W', 160), ('TELEMETRY_DEFAULT_INPUTS', 'pilot/angle,pilot/throttle,recording'), ('TELEMETRY_DEFAULT_TYPES', 'float,float'), ('TELEMETRY_DONKEY_NAME', 'my_robot1234'), ('TELEMETRY_LOGGING_ENABLE', True), ('TELEMETRY_LOGGING_FORMAT', '%(message)s'), ('TELEMETRY_LOGGING_LEVEL', 'INFO'), ('TELEMETRY_MQTT_BROKER_HOST', 'broker.hivemq.com'), ('TELEMETRY_MQTT_BROKER_PORT', 1883), ('TELEMETRY_MQTT_JSON_ENABLE', False), ('TELEMETRY_MQTT_TOPIC_TEMPLATE', 'donkey/%s/telemetry'), ('TELEMETRY_PUBLISH_PERIOD', 1), ('THROTTLE_CHANNEL', 4), ('THROTTLE_FORWARD_PWM', 395), ('THROTTLE_PWM_FREQ', 50), ('THROTTLE_PWM_INVERTED', False), ('THROTTLE_PWM_PIN', 18), ('THROTTLE_RC_GPIO', 20), ('THROTTLE_REVERSE_PWM', 220), ('THROTTLE_STOPPED_PWM', 370), ('TRAIN_BEHAVIORS', False), ('TRAIN_LOCALIZER', False), ('TRAIN_TEST_SPLIT', 0.8), ('USE_EARLY_STOP', False), ('USE_FPV', False), ('USE_JOYSTICK_AS_DEFAULT', False), ('USE_LIDAR', False), ('USE_NETWORKED_JS', False), ('USE_RC', False), ('USE_SSD1306_128_32', False), ('VERBOSE_TRAIN', True), ('WEB_CONTROL_PORT', 8887), ('WEB_INIT_MODE', 'user')]"}, {"Number": 0, "Name": "2021_11_22_B_Model", "Type": "KerasLinear", "Tubs": "./data/3", "Time": 1637548753.4831495, "History": {"loss": [0.09049946069717407, 0.043343741446733475, 0.037812240421772, 0.035462066531181335, 0.03432328253984451, 0.0335690900683403, 0.03278368338942528, 0.03196869418025017], "n_outputs0_loss": [0.03482650965452194, 0.02483712136745453, 0.02390068955719471, 0.023574311286211014, 0.023368114605545998, 0.023271748796105385, 0.023153774440288544, 0.023106122389435768], "n_outputs1_loss": [0.05567297339439392, 0.01850661262869835, 0.013911556452512741, 0.011887764558196068, 0.010955183766782284, 0.010297338478267193, 0.009629907086491585, 0.008862589485943317], "val_loss": [0.05513247475028038, 0.03153013437986374, 0.027620555832982063, 0.027952512726187706, 0.027306459844112396, 0.02737216278910637, 0.027342088520526886, 0.027277829125523567], "val_n_outputs0_loss": [0.02178669162094593, 0.02180887572467327, 0.021814296022057533, 0.021779242902994156, 0.021852580830454826, 0.021808089688420296, 0.021801782771945, 0.021802222356200218], "val_n_outputs1_loss": [0.033345770090818405, 0.00972125492990017, 0.005806260742247105, 0.006173268426209688, 0.0054538799449801445, 0.005564084276556969, 0.005540304351598024, 0.0054756044410169125]}, "Transfer": null, "Comment": null, "Config": "[('AI_LAUNCH_DURATION', 0.0), ('AI_LAUNCH_ENABLE_BUTTON', 'R2'), ('AI_LAUNCH_KEEP_ENABLED', False), ('AI_LAUNCH_THROTTLE', 0.0), ('AI_THROTTLE_MULT', 1.0), ('AUTO_CREATE_NEW_TUB', False), ('AUTO_RECORD_ON_THROTTLE', True), ('BATCH_SIZE', 64), ('BEHAVIOR_LED_COLORS', [(0, 10, 0), (10, 0, 0)]), ('BEHAVIOR_LIST', ['Left_Lane', 'Right_Lane']), ('BUTTON_PRESS_NEW_TUB', False), ('CACHE_IMAGES', True), ('CAMERA_FRAMERATE', 20), ('CAMERA_HFLIP', False), ('CAMERA_TYPE', 'WEBCAM'), ('CAMERA_VFLIP', False), ('CAR_PATH', '/home/ubuntu/mycar'), ('CONTROLLER_TYPE', 'xbox'), ('CSIC_CAM_GSTREAMER_FLIP_PARM', 0), ('DATA_PATH', '/home/ubuntu/mycar/data'), ('DATA_WIPER_RC_GPIO', 19), ('DEFAULT_AI_FRAMEWORK', 'tensorflow'), ('DEFAULT_MODEL_TYPE', 'linear'), ('DONKEY_GYM', False), ('DONKEY_GYM_ENV_NAME', 'donkey-generated-track-v0'), ('DONKEY_SIM_PATH', 'path to sim'), ('DRIVE_LOOP_HZ', 20), ('DRIVE_TRAIN_TYPE', 'SERVO_ESC'), ('EARLY_STOP_PATIENCE', 5), ('ENCODER_TYPE', 'GPIO'), ('FREEZE_LAYERS', False), ('GYM_CONF', {'body_style': 'donkey', 'body_rgb': (128, 128, 128), 'car_name': 'car', 'font_size': 100, 'racer_name': 'Your Name', 'country': 'Place', 'bio': 'I race robots.'}), ('HAVE_CONSOLE_LOGGING', True), ('HAVE_IMU', False), ('HAVE_MQTT_TELEMETRY', False), ('HAVE_ODOM', False), ('HAVE_PERFMON', False), ('HAVE_RGB_LED', False), ('HAVE_ROBOHAT', False), ('HAVE_SOMBRERO', False), ('HBRIDGE_L298N_PIN_LEFT_BWD', 18), ('HBRIDGE_L298N_PIN_LEFT_EN', 22), ('HBRIDGE_L298N_PIN_LEFT_FWD', 16), ('HBRIDGE_L298N_PIN_RIGHT_BWD', 13), ('HBRIDGE_L298N_PIN_RIGHT_EN', 11), ('HBRIDGE_L298N_PIN_RIGHT_FWD', 15), ('HBRIDGE_PIN_BWD', 13), ('HBRIDGE_PIN_FWD', 15), ('HBRIDGE_PIN_LEFT', 18), ('HBRIDGE_PIN_LEFT_BWD', 16), ('HBRIDGE_PIN_LEFT_FWD', 18), ('HBRIDGE_PIN_RIGHT', 16), ('HBRIDGE_PIN_RIGHT_BWD', 13), ('HBRIDGE_PIN_RIGHT_FWD', 15), ('IMAGE_DEPTH', 3), ('IMAGE_H', 120), ('IMAGE_W', 160), ('IMU_DLP_CONFIG', 0), ('IMU_SENSOR', 'mpu6050'), ('JOYSTICK_DEADZONE', 0.01), ('JOYSTICK_DEVICE_FILE', '/dev/input/js0'), ('JOYSTICK_MAX_THROTTLE', 1.0), ('JOYSTICK_STEERING_SCALE', 1.0), ('JOYSTICK_THROTTLE_DIR', -1.0), ('LEARNING_RATE', 0.001), ('LEARNING_RATE_DECAY', 0.0), ('LED_B', 1), ('LED_G', 0), ('LED_INVERT', False), ('LED_PIN_B', 16), ('LED_PIN_G', 10), ('LED_PIN_R', 12), ('LED_R', 0), ('LIDAR_LOWER_LIMIT', 90), ('LIDAR_TYPE', 'RP'), ('LIDAR_UPPER_LIMIT', 270), ('LOGGING_FORMAT', '%(message)s'), ('LOGGING_LEVEL', 'INFO'), ('MAX_EPOCHS', 100), ('MAX_LOOPS', None), ('MIN_DELTA', 0.0005), ('MM1_MAX_FORWARD', 2000), ('MM1_MAX_REVERSE', 1000), ('MM1_SERIAL_PORT', '/dev/ttyS0'), ('MM1_SHOW_STEERING_VALUE', False), ('MM1_STEERING_MID', 1500), ('MM1_STOPPED_PWM', 1500), ('MM_PER_TICK', 12.7625), ('MODELS_PATH', '/home/ubuntu/mycar/models'), ('MODEL_CATEGORICAL_MAX_THROTTLE_RANGE', 0.5), ('MODEL_RELOADED_LED_B', 0), ('MODEL_RELOADED_LED_G', 0), ('MODEL_RELOADED_LED_R', 100), ('NETWORK_JS_SERVER_IP', None), ('NUM_LAST_LAYERS_TO_TRAIN', 7), ('NUM_LOCATIONS', 10), ('ODOM_DEBUG', False), ('ODOM_PIN', 13), ('OPTIMIZER', None), ('PACKAGE_PATH', '/home/ubuntu/mycar'), ('PATH_FILENAME', 'donkey_path.pkl'), ('PATH_MIN_DIST', 0.3), ('PATH_OFFSET', (0, 0)), ('PATH_SCALE', 5.0), ('PCA9685_I2C_ADDR', 64), ('PCA9685_I2C_BUSNUM', 1), ('PID_D', -0.2), ('PID_I', 0.0), ('PID_P', -10.0), ('PID_THROTTLE', 0.2), ('PRINT_MODEL_SUMMARY', True), ('PRUNE_CNN', False), ('PRUNE_EVAL_PERCENT_OF_DATASET', 0.05), ('PRUNE_PERCENT_PER_ITERATION', 20), ('PRUNE_PERCENT_TARGET', 75), ('PRUNE_VAL_LOSS_DEGRADATION_LIMIT', 0.2), ('PUB_CAMERA_IMAGES', False), ('REALSENSE_D435_DEPTH', True), ('REALSENSE_D435_ID', None), ('REALSENSE_D435_IMU', False), ('REALSENSE_D435_RGB', True), ('RECORD_ALERT_COLOR_ARR', [(0, (1, 1, 1)), (3000, (5, 5, 5)), (5000, (5, 2, 0)), (10000, (0, 5, 0)), (15000, (0, 5, 5)), (20000, (0, 0, 5))]), ('RECORD_DURING_AI', False), ('REC_COUNT_ALERT', 1000), ('REC_COUNT_ALERT_BLINK_RATE', 0.4), ('REC_COUNT_ALERT_CYC', 15), ('RESET_ORIGIN_BTN', 'triangle'), ('ROI_CROP_BOTTOM', 0), ('ROI_CROP_TOP', 0), ('SAVE_PATH_BTN', 'cross'), ('SEND_BEST_MODEL_TO_PI', False), ('SEQUENCE_LENGTH', 3), ('SHOW_PLOT', True), ('SIM_ARTIFICIAL_LATENCY', 0), ('SIM_HOST', '127.0.0.1'), ('SIM_RECORD_GYROACCEL', False), ('SIM_RECORD_LOCATION', False), ('SIM_RECORD_VELOCITY', False), ('SSD1306_128_32_I2C_BUSNUM', 1), ('STEERING_CHANNEL', 8), ('STEERING_LEFT_PWM', 435), ('STEERING_PWM_FREQ', 50), ('STEERING_PWM_INVERTED', False), ('STEERING_PWM_PIN', 13), ('STEERING_RC_GPIO', 26), ('STEERING_RIGHT_PWM', 265), ('STOP_SIGN_DETECTOR', False), ('STOP_SIGN_MIN_SCORE', 0.2), ('STOP_SIGN_SHOW_BOUNDING_BOX', True), ('TARGET_D', 3), ('TARGET_H', 120), ('TARGET_W', 160), ('TELEMETRY_DEFAULT_INPUTS', 'pilot/angle,pilot/throttle,recording'), ('TELEMETRY_DEFAULT_TYPES', 'float,float'), ('TELEMETRY_DONKEY_NAME', 'my_robot1234'), ('TELEMETRY_LOGGING_ENABLE', True), ('TELEMETRY_LOGGING_FORMAT', '%(message)s'), ('TELEMETRY_LOGGING_LEVEL', 'INFO'), ('TELEMETRY_MQTT_BROKER_HOST', 'broker.hivemq.com'), ('TELEMETRY_MQTT_BROKER_PORT', 1883), ('TELEMETRY_MQTT_JSON_ENABLE', False), ('TELEMETRY_MQTT_TOPIC_TEMPLATE', 'donkey/%s/telemetry'), ('TELEMETRY_PUBLISH_PERIOD', 1), ('THROTTLE_CHANNEL', 4), ('THROTTLE_FORWARD_PWM', 395), ('THROTTLE_PWM_FREQ', 50), ('THROTTLE_PWM_INVERTED', False), ('THROTTLE_PWM_PIN', 18), ('THROTTLE_RC_GPIO', 20), ('THROTTLE_REVERSE_PWM', 220), ('THROTTLE_STOPPED_PWM', 370), ('TRAIN_BEHAVIORS', False), ('TRAIN_LOCALIZER', False), ('TRAIN_TEST_SPLIT', 0.8), ('USE_EARLY_STOP', True), ('USE_FPV', False), ('USE_JOYSTICK_AS_DEFAULT', False), ('USE_LIDAR', False), ('USE_NETWORKED_JS', False), ('USE_RC', False), ('USE_SSD1306_128_32', False), ('VERBOSE_TRAIN', True), ('WEB_CONTROL_PORT', 8887), ('WEB_INIT_MODE', 'user')]"}, {"Number": 0, "Name": "2021_11_22_B_TOTAL_Model", "Type": "KerasLinear", "Tubs": "./data/1,./data/2,./data/3", "Time": 1637552137.617558, "History": {"loss": [0.07394642382860184, 0.029096849262714386, 0.023991018533706665, 0.021459896117448807, 0.01941130869090557, 0.017997821792960167, 0.01699029467999935, 0.016484972089529037, 0.016274813562631607, 0.01632421463727951, 0.016183137893676758, 0.016231179237365723, 0.016050351783633232, 0.01592106558382511, 0.01584571972489357], "n_outputs0_loss": [0.019203243777155876, 0.011943423189222813, 0.010538795962929726, 0.010193672962486744, 0.009786332957446575, 0.009669674560427666, 0.009489268064498901, 0.00940893217921257, 0.009428219869732857, 0.009523438289761543, 0.00944276712834835, 0.009453799575567245, 0.009370684623718262, 0.009302136488258839, 0.009259255602955818], "n_outputs1_loss": [0.05474318563938141, 0.017153430730104446, 0.013452204875648022, 0.01126621663570404, 0.009624970145523548, 0.008328144438564777, 0.007501025218516588, 0.0070760492235422134, 0.006846594158560038, 0.006800762377679348, 0.006740371696650982, 0.006777392700314522, 0.006679661106318235, 0.006618920713663101, 0.006586465518921614], "val_loss": [0.01861189864575863, 0.016796257346868515, 0.015689600259065628, 0.015366786159574986, 0.01515091024339199, 0.014765231870114803, 0.014770527370274067, 0.014840129762887955, 0.014799089170992374, 0.014571381732821465, 0.014867566525936127, 0.01497721765190363, 0.015200960449874401, 0.014703955501317978, 0.014514903537929058], "val_n_outputs0_loss": [0.010918481275439262, 0.009348045103251934, 0.008858967572450638, 0.008628439158201218, 0.008587797172367573, 0.008374486118555069, 0.008454211987555027, 0.008425552397966385, 0.008471895940601826, 0.008413782343268394, 0.008588170632719994, 0.008663863874971867, 0.008836671710014343, 0.008514827117323875, 0.0083320252597332], "val_n_outputs1_loss": [0.007693422958254814, 0.0074482085183262825, 0.006830636877566576, 0.006738346070051193, 0.006563110277056694, 0.00639074994251132, 0.006316309329122305, 0.006414573639631271, 0.0063271913677453995, 0.006157595664262772, 0.006279404740780592, 0.006313353776931763, 0.006364285945892334, 0.006189126521348953, 0.0061828759498894215]}, "Transfer": null, "Comment": null, "Config": "[('AI_LAUNCH_DURATION', 0.0), ('AI_LAUNCH_ENABLE_BUTTON', 'R2'), ('AI_LAUNCH_KEEP_ENABLED', False), ('AI_LAUNCH_THROTTLE', 0.0), ('AI_THROTTLE_MULT', 1.0), ('AUTO_CREATE_NEW_TUB', False), ('AUTO_RECORD_ON_THROTTLE', True), ('BATCH_SIZE', 64), ('BEHAVIOR_LED_COLORS', [(0, 10, 0), (10, 0, 0)]), ('BEHAVIOR_LIST', ['Left_Lane', 'Right_Lane']), ('BUTTON_PRESS_NEW_TUB', False), ('CACHE_IMAGES', True), ('CAMERA_FRAMERATE', 20), ('CAMERA_HFLIP', False), ('CAMERA_TYPE', 'WEBCAM'), ('CAMERA_VFLIP', False), ('CAR_PATH', '/home/ubuntu/mycar'), ('CONTROLLER_TYPE', 'xbox'), ('CSIC_CAM_GSTREAMER_FLIP_PARM', 0), ('DATA_PATH', '/home/ubuntu/mycar/data'), ('DATA_WIPER_RC_GPIO', 19), ('DEFAULT_AI_FRAMEWORK', 'tensorflow'), ('DEFAULT_MODEL_TYPE', 'linear'), ('DONKEY_GYM', False), ('DONKEY_GYM_ENV_NAME', 'donkey-generated-track-v0'), ('DONKEY_SIM_PATH', 'path to sim'), ('DRIVE_LOOP_HZ', 20), ('DRIVE_TRAIN_TYPE', 'SERVO_ESC'), ('EARLY_STOP_PATIENCE', 5), ('ENCODER_TYPE', 'GPIO'), ('FREEZE_LAYERS', False), ('GYM_CONF', {'body_style': 'donkey', 'body_rgb': (128, 128, 128), 'car_name': 'car', 'font_size': 100, 'racer_name': 'Your Name', 'country': 'Place', 'bio': 'I race robots.'}), ('HAVE_CONSOLE_LOGGING', True), ('HAVE_IMU', False), ('HAVE_MQTT_TELEMETRY', False), ('HAVE_ODOM', False), ('HAVE_PERFMON', False), ('HAVE_RGB_LED', False), ('HAVE_ROBOHAT', False), ('HAVE_SOMBRERO', False), ('HBRIDGE_L298N_PIN_LEFT_BWD', 18), ('HBRIDGE_L298N_PIN_LEFT_EN', 22), ('HBRIDGE_L298N_PIN_LEFT_FWD', 16), ('HBRIDGE_L298N_PIN_RIGHT_BWD', 13), ('HBRIDGE_L298N_PIN_RIGHT_EN', 11), ('HBRIDGE_L298N_PIN_RIGHT_FWD', 15), ('HBRIDGE_PIN_BWD', 13), ('HBRIDGE_PIN_FWD', 15), ('HBRIDGE_PIN_LEFT', 18), ('HBRIDGE_PIN_LEFT_BWD', 16), ('HBRIDGE_PIN_LEFT_FWD', 18), ('HBRIDGE_PIN_RIGHT', 16), ('HBRIDGE_PIN_RIGHT_BWD', 13), ('HBRIDGE_PIN_RIGHT_FWD', 15), ('IMAGE_DEPTH', 3), ('IMAGE_H', 120), ('IMAGE_W', 160), ('IMU_DLP_CONFIG', 0), ('IMU_SENSOR', 'mpu6050'), ('JOYSTICK_DEADZONE', 0.01), ('JOYSTICK_DEVICE_FILE', '/dev/input/js0'), ('JOYSTICK_MAX_THROTTLE', 1.0), ('JOYSTICK_STEERING_SCALE', 1.0), ('JOYSTICK_THROTTLE_DIR', -1.0), ('LEARNING_RATE', 0.001), ('LEARNING_RATE_DECAY', 0.0), ('LED_B', 1), ('LED_G', 0), ('LED_INVERT', False), ('LED_PIN_B', 16), ('LED_PIN_G', 10), ('LED_PIN_R', 12), ('LED_R', 0), ('LIDAR_LOWER_LIMIT', 90), ('LIDAR_TYPE', 'RP'), ('LIDAR_UPPER_LIMIT', 270), ('LOGGING_FORMAT', '%(message)s'), ('LOGGING_LEVEL', 'INFO'), ('MAX_EPOCHS', 100), ('MAX_LOOPS', None), ('MIN_DELTA', 0.0005), ('MM1_MAX_FORWARD', 2000), ('MM1_MAX_REVERSE', 1000), ('MM1_SERIAL_PORT', '/dev/ttyS0'), ('MM1_SHOW_STEERING_VALUE', False), ('MM1_STEERING_MID', 1500), ('MM1_STOPPED_PWM', 1500), ('MM_PER_TICK', 12.7625), ('MODELS_PATH', '/home/ubuntu/mycar/models'), ('MODEL_CATEGORICAL_MAX_THROTTLE_RANGE', 0.5), ('MODEL_RELOADED_LED_B', 0), ('MODEL_RELOADED_LED_G', 0), ('MODEL_RELOADED_LED_R', 100), ('NETWORK_JS_SERVER_IP', None), ('NUM_LAST_LAYERS_TO_TRAIN', 7), ('NUM_LOCATIONS', 10), ('ODOM_DEBUG', False), ('ODOM_PIN', 13), ('OPTIMIZER', None), ('PACKAGE_PATH', '/home/ubuntu/mycar'), ('PATH_FILENAME', 'donkey_path.pkl'), ('PATH_MIN_DIST', 0.3), ('PATH_OFFSET', (0, 0)), ('PATH_SCALE', 5.0), ('PCA9685_I2C_ADDR', 64), ('PCA9685_I2C_BUSNUM', 1), ('PID_D', -0.2), ('PID_I', 0.0), ('PID_P', -10.0), ('PID_THROTTLE', 0.2), ('PRINT_MODEL_SUMMARY', True), ('PRUNE_CNN', False), ('PRUNE_EVAL_PERCENT_OF_DATASET', 0.05), ('PRUNE_PERCENT_PER_ITERATION', 20), ('PRUNE_PERCENT_TARGET', 75), ('PRUNE_VAL_LOSS_DEGRADATION_LIMIT', 0.2), ('PUB_CAMERA_IMAGES', False), ('REALSENSE_D435_DEPTH', True), ('REALSENSE_D435_ID', None), ('REALSENSE_D435_IMU', False), ('REALSENSE_D435_RGB', True), ('RECORD_ALERT_COLOR_ARR', [(0, (1, 1, 1)), (3000, (5, 5, 5)), (5000, (5, 2, 0)), (10000, (0, 5, 0)), (15000, (0, 5, 5)), (20000, (0, 0, 5))]), ('RECORD_DURING_AI', False), ('REC_COUNT_ALERT', 1000), ('REC_COUNT_ALERT_BLINK_RATE', 0.4), ('REC_COUNT_ALERT_CYC', 15), ('RESET_ORIGIN_BTN', 'triangle'), ('ROI_CROP_BOTTOM', 0), ('ROI_CROP_TOP', 0), ('SAVE_PATH_BTN', 'cross'), ('SEND_BEST_MODEL_TO_PI', False), ('SEQUENCE_LENGTH', 3), ('SHOW_PLOT', True), ('SIM_ARTIFICIAL_LATENCY', 0), ('SIM_HOST', '127.0.0.1'), ('SIM_RECORD_GYROACCEL', False), ('SIM_RECORD_LOCATION', False), ('SIM_RECORD_VELOCITY', False), ('SSD1306_128_32_I2C_BUSNUM', 1), ('STEERING_CHANNEL', 8), ('STEERING_LEFT_PWM', 435), ('STEERING_PWM_FREQ', 50), ('STEERING_PWM_INVERTED', False), ('STEERING_PWM_PIN', 13), ('STEERING_RC_GPIO', 26), ('STEERING_RIGHT_PWM', 265), ('STOP_SIGN_DETECTOR', False), ('STOP_SIGN_MIN_SCORE', 0.2), ('STOP_SIGN_SHOW_BOUNDING_BOX', True), ('TARGET_D', 3), ('TARGET_H', 120), ('TARGET_W', 160), ('TELEMETRY_DEFAULT_INPUTS', 'pilot/angle,pilot/throttle,recording'), ('TELEMETRY_DEFAULT_TYPES', 'float,float'), ('TELEMETRY_DONKEY_NAME', 'my_robot1234'), ('TELEMETRY_LOGGING_ENABLE', True), ('TELEMETRY_LOGGING_FORMAT', '%(message)s'), ('TELEMETRY_LOGGING_LEVEL', 'INFO'), ('TELEMETRY_MQTT_BROKER_HOST', 'broker.hivemq.com'), ('TELEMETRY_MQTT_BROKER_PORT', 1883), ('TELEMETRY_MQTT_JSON_ENABLE', False), ('TELEMETRY_MQTT_TOPIC_TEMPLATE', 'donkey/%s/telemetry'), ('TELEMETRY_PUBLISH_PERIOD', 1), ('THROTTLE_CHANNEL', 4), ('THROTTLE_FORWARD_PWM', 395), ('THROTTLE_PWM_FREQ', 50), ('THROTTLE_PWM_INVERTED', False), ('THROTTLE_PWM_PIN', 18), ('THROTTLE_RC_GPIO', 20), ('THROTTLE_REVERSE_PWM', 220), ('THROTTLE_STOPPED_PWM', 370), ('TRAIN_BEHAVIORS', False), ('TRAIN_LOCALIZER', False), ('TRAIN_TEST_SPLIT', 0.8), ('USE_EARLY_STOP', True), ('USE_FPV', False), ('USE_JOYSTICK_AS_DEFAULT', False), ('USE_LIDAR', False), ('USE_NETWORKED_JS', False), ('USE_RC', False), ('USE_SSD1306_128_32', False), ('VERBOSE_TRAIN', True), ('WEB_CONTROL_PORT', 8887), ('WEB_INIT_MODE', 'user')]"}]