[{"Number": 0, "Name": "2021_11_23_B_MODEL", "Type": "KerasLinear", "Tubs": "./data/1,./data/2,./data/3,./data/4", "Time": 1637640979.1574464, "History": {"loss": [0.041010886430740356, 0.021624229848384857, 0.01757718250155449, 0.01575992815196514, 0.014945982955396175, 0.014440838247537613, 0.014084948226809502, 0.01391676440834999, 0.013784261420369148, 0.013713459484279156, 0.013579227961599827, 0.013548258692026138], "n_outputs0_loss": [0.016252918168902397, 0.010483901016414165, 0.008837982080876827, 0.00840873271226883, 0.008395088836550713, 0.008214064873754978, 0.00805465504527092, 0.007977381348609924, 0.007939512841403484, 0.007906032726168633, 0.00782016385346651, 0.007850872352719307], "n_outputs1_loss": [0.024757971987128258, 0.011140326038002968, 0.008739217184484005, 0.007351197302341461, 0.006550900638103485, 0.006226776633411646, 0.006030286196619272, 0.005939396098256111, 0.005844758357852697, 0.005807414185255766, 0.00575905991718173, 0.005697392858564854], "val_loss": [0.018772674724459648, 0.015602805651724339, 0.014592823572456837, 0.014526705257594585, 0.014311409555375576, 0.014388340525329113, 0.014077250845730305, 0.014102733694016933, 0.013942365534603596, 0.01394431572407484, 0.013801193796098232, 0.013688731007277966], "val_n_outputs0_loss": [0.011248285882174969, 0.008620071224868298, 0.008239352144300938, 0.008094456046819687, 0.008049382828176022, 0.008181260898709297, 0.008011453785002232, 0.008026831783354282, 0.007952415384352207, 0.008005190640687943, 0.007996306754648685, 0.00790667999535799], "val_n_outputs1_loss": [0.00752438185736537, 0.006982727907598019, 0.006353473290801048, 0.006432254798710346, 0.006262035574764013, 0.006207076832652092, 0.006065792869776487, 0.0060758995823562145, 0.005989949684590101, 0.005939129274338484, 0.005804888904094696, 0.005782051011919975]}, "Transfer": null, "Comment": null, "Config": "[('AI_LAUNCH_DURATION', 0.0), ('AI_LAUNCH_ENABLE_BUTTON', 'R2'), ('AI_LAUNCH_KEEP_ENABLED', False), ('AI_LAUNCH_THROTTLE', 0.0), ('AI_THROTTLE_MULT', 1.0), ('AUTO_CREATE_NEW_TUB', False), ('AUTO_RECORD_ON_THROTTLE', True), ('BATCH_SIZE', 64), ('BEHAVIOR_LED_COLORS', [(0, 10, 0), (10, 0, 0)]), ('BEHAVIOR_LIST', ['Left_Lane', 'Right_Lane']), ('BUTTON_PRESS_NEW_TUB', False), ('CACHE_IMAGES', True), ('CAMERA_FRAMERATE', 20), ('CAMERA_HFLIP', False), ('CAMERA_TYPE', 'WEBCAM'), ('CAMERA_VFLIP', False), ('CAR_PATH', '/home/ubuntu/mycar'), ('CONTROLLER_TYPE', 'xbox'), ('CSIC_CAM_GSTREAMER_FLIP_PARM', 0), ('DATA_PATH', '/home/ubuntu/mycar/data'), ('DATA_WIPER_RC_GPIO', 19), ('DEFAULT_AI_FRAMEWORK', 'tensorflow'), ('DEFAULT_MODEL_TYPE', 'linear'), ('DONKEY_GYM', False), ('DONKEY_GYM_ENV_NAME', 'donkey-generated-track-v0'), ('DONKEY_SIM_PATH', 'path to sim'), ('DRIVE_LOOP_HZ', 20), ('DRIVE_TRAIN_TYPE', 'SERVO_ESC'), ('EARLY_STOP_PATIENCE', 5), ('ENCODER_TYPE', 'GPIO'), ('FREEZE_LAYERS', False), ('GYM_CONF', {'body_style': 'donkey', 'body_rgb': (128, 128, 128), 'car_name': 'car', 'font_size': 100, 'racer_name': 'Your Name', 'country': 'Place', 'bio': 'I race robots.'}), ('HAVE_CONSOLE_LOGGING', True), ('HAVE_IMU', False), ('HAVE_MQTT_TELEMETRY', False), ('HAVE_ODOM', False), ('HAVE_PERFMON', False), ('HAVE_RGB_LED', False), ('HAVE_ROBOHAT', False), ('HAVE_SOMBRERO', False), ('HBRIDGE_L298N_PIN_LEFT_BWD', 18), ('HBRIDGE_L298N_PIN_LEFT_EN', 22), ('HBRIDGE_L298N_PIN_LEFT_FWD', 16), ('HBRIDGE_L298N_PIN_RIGHT_BWD', 13), ('HBRIDGE_L298N_PIN_RIGHT_EN', 11), ('HBRIDGE_L298N_PIN_RIGHT_FWD', 15), ('HBRIDGE_PIN_BWD', 13), ('HBRIDGE_PIN_FWD', 15), ('HBRIDGE_PIN_LEFT', 18), ('HBRIDGE_PIN_LEFT_BWD', 16), ('HBRIDGE_PIN_LEFT_FWD', 18), ('HBRIDGE_PIN_RIGHT', 16), ('HBRIDGE_PIN_RIGHT_BWD', 13), ('HBRIDGE_PIN_RIGHT_FWD', 15), ('IMAGE_DEPTH', 3), ('IMAGE_H', 120), ('IMAGE_W', 160), ('IMU_DLP_CONFIG', 0), ('IMU_SENSOR', 'mpu6050'), ('JOYSTICK_DEADZONE', 0.01), ('JOYSTICK_DEVICE_FILE', '/dev/input/js0'), ('JOYSTICK_MAX_THROTTLE', 1.0), ('JOYSTICK_STEERING_SCALE', 1.0), ('JOYSTICK_THROTTLE_DIR', -1.0), ('LEARNING_RATE', 0.001), ('LEARNING_RATE_DECAY', 0.0), ('LED_B', 1), ('LED_G', 0), ('LED_INVERT', False), ('LED_PIN_B', 16), ('LED_PIN_G', 10), ('LED_PIN_R', 12), ('LED_R', 0), ('LIDAR_LOWER_LIMIT', 90), ('LIDAR_TYPE', 'RP'), ('LIDAR_UPPER_LIMIT', 270), ('LOGGING_FORMAT', '%(message)s'), ('LOGGING_LEVEL', 'INFO'), ('MAX_EPOCHS', 100), ('MAX_LOOPS', None), ('MIN_DELTA', 0.0005), ('MM1_MAX_FORWARD', 2000), ('MM1_MAX_REVERSE', 1000), ('MM1_SERIAL_PORT', '/dev/ttyS0'), ('MM1_SHOW_STEERING_VALUE', False), ('MM1_STEERING_MID', 1500), ('MM1_STOPPED_PWM', 1500), ('MM_PER_TICK', 12.7625), ('MODELS_PATH', '/home/ubuntu/mycar/models'), ('MODEL_CATEGORICAL_MAX_THROTTLE_RANGE', 0.5), ('MODEL_RELOADED_LED_B', 0), ('MODEL_RELOADED_LED_G', 0), ('MODEL_RELOADED_LED_R', 100), ('NETWORK_JS_SERVER_IP', None), ('NUM_LAST_LAYERS_TO_TRAIN', 7), ('NUM_LOCATIONS', 10), ('ODOM_DEBUG', False), ('ODOM_PIN', 13), ('OPTIMIZER', None), ('PACKAGE_PATH', '/home/ubuntu/mycar'), ('PATH_FILENAME', 'donkey_path.pkl'), ('PATH_MIN_DIST', 0.3), ('PATH_OFFSET', (0, 0)), ('PATH_SCALE', 5.0), ('PCA9685_I2C_ADDR', 64), ('PCA9685_I2C_BUSNUM', 1), ('PID_D', -0.2), ('PID_I', 0.0), ('PID_P', -10.0), ('PID_THROTTLE', 0.2), ('PRINT_MODEL_SUMMARY', True), ('PRUNE_CNN', False), ('PRUNE_EVAL_PERCENT_OF_DATASET', 0.05), ('PRUNE_PERCENT_PER_ITERATION', 20), ('PRUNE_PERCENT_TARGET', 75), ('PRUNE_VAL_LOSS_DEGRADATION_LIMIT', 0.2), ('PUB_CAMERA_IMAGES', False), ('REALSENSE_D435_DEPTH', True), ('REALSENSE_D435_ID', None), ('REALSENSE_D435_IMU', False), ('REALSENSE_D435_RGB', True), ('RECORD_ALERT_COLOR_ARR', [(0, (1, 1, 1)), (3000, (5, 5, 5)), (5000, (5, 2, 0)), (10000, (0, 5, 0)), (15000, (0, 5, 5)), (20000, (0, 0, 5))]), ('RECORD_DURING_AI', False), ('REC_COUNT_ALERT', 1000), ('REC_COUNT_ALERT_BLINK_RATE', 0.4), ('REC_COUNT_ALERT_CYC', 15), ('RESET_ORIGIN_BTN', 'triangle'), ('ROI_CROP_BOTTOM', 0), ('ROI_CROP_TOP', 0), ('SAVE_PATH_BTN', 'cross'), ('SEND_BEST_MODEL_TO_PI', False), ('SEQUENCE_LENGTH', 3), ('SHOW_PLOT', True), ('SIM_ARTIFICIAL_LATENCY', 0), ('SIM_HOST', '127.0.0.1'), ('SIM_RECORD_GYROACCEL', False), ('SIM_RECORD_LOCATION', False), ('SIM_RECORD_VELOCITY', False), ('SSD1306_128_32_I2C_BUSNUM', 1), ('STEERING_CHANNEL', 8), ('STEERING_LEFT_PWM', 435), ('STEERING_PWM_FREQ', 50), ('STEERING_PWM_INVERTED', False), ('STEERING_PWM_PIN', 13), ('STEERING_RC_GPIO', 26), ('STEERING_RIGHT_PWM', 265), ('STOP_SIGN_DETECTOR', False), ('STOP_SIGN_MIN_SCORE', 0.2), ('STOP_SIGN_SHOW_BOUNDING_BOX', True), ('TARGET_D', 3), ('TARGET_H', 120), ('TARGET_W', 160), ('TELEMETRY_DEFAULT_INPUTS', 'pilot/angle,pilot/throttle,recording'), ('TELEMETRY_DEFAULT_TYPES', 'float,float'), ('TELEMETRY_DONKEY_NAME', 'my_robot1234'), ('TELEMETRY_LOGGING_ENABLE', True), ('TELEMETRY_LOGGING_FORMAT', '%(message)s'), ('TELEMETRY_LOGGING_LEVEL', 'INFO'), ('TELEMETRY_MQTT_BROKER_HOST', 'broker.hivemq.com'), ('TELEMETRY_MQTT_BROKER_PORT', 1883), ('TELEMETRY_MQTT_JSON_ENABLE', False), ('TELEMETRY_MQTT_TOPIC_TEMPLATE', 'donkey/%s/telemetry'), ('TELEMETRY_PUBLISH_PERIOD', 1), ('THROTTLE_CHANNEL', 4), ('THROTTLE_FORWARD_PWM', 395), ('THROTTLE_PWM_FREQ', 50), ('THROTTLE_PWM_INVERTED', False), ('THROTTLE_PWM_PIN', 18), ('THROTTLE_RC_GPIO', 20), ('THROTTLE_REVERSE_PWM', 220), ('THROTTLE_STOPPED_PWM', 370), ('TRAIN_BEHAVIORS', False), ('TRAIN_LOCALIZER', False), ('TRAIN_TEST_SPLIT', 0.8), ('USE_EARLY_STOP', True), ('USE_FPV', False), ('USE_JOYSTICK_AS_DEFAULT', False), ('USE_LIDAR', False), ('USE_NETWORKED_JS', False), ('USE_RC', False), ('USE_SSD1306_128_32', False), ('VERBOSE_TRAIN', True), ('WEB_CONTROL_PORT', 8887), ('WEB_INIT_MODE', 'user')]"}]