[{"Number": 0, "Name": "3+4_Model", "Type": "KerasLinear", "Tubs": "./data/3,./data/4", "Time": 1637721484.1731663, "History": {"loss": [0.07608435302972794, 0.03194701671600342, 0.02762426622211933, 0.02449304237961769, 0.021950874477624893, 0.02038460411131382, 0.018980372697114944, 0.018015583977103233, 0.017273573204874992, 0.016876377165317535, 0.016323233023285866, 0.01617823913693428, 0.016043761745095253], "n_outputs0_loss": [0.023278407752513885, 0.016251757740974426, 0.015711814165115356, 0.014342622831463814, 0.013011366128921509, 0.012503362260758877, 0.012061539106070995, 0.011828449554741383, 0.011726729571819305, 0.011724215932190418, 0.011466139927506447, 0.01149912178516388, 0.01153967808932066], "n_outputs1_loss": [0.05280600115656853, 0.015695247799158096, 0.011912444606423378, 0.010150425136089325, 0.008939524181187153, 0.007881233468651772, 0.00691883685067296, 0.006187123246490955, 0.005546851549297571, 0.005152153316885233, 0.0048571000806987286, 0.0046791257336735725, 0.004504093434661627], "val_loss": [0.025189397856593132, 0.020444508641958237, 0.020184524357318878, 0.017781106755137444, 0.0171726755797863, 0.016609378159046173, 0.01714365743100643, 0.01578340493142605, 0.015922322869300842, 0.01644912175834179, 0.016044655814766884, 0.01581489108502865, 0.015661707147955894], "val_n_outputs0_loss": [0.01599203795194626, 0.015979474410414696, 0.015883522108197212, 0.013399726711213589, 0.012942214496433735, 0.012452147901058197, 0.012963058426976204, 0.011724344454705715, 0.011871153488755226, 0.012402152642607689, 0.01202879287302494, 0.011871992610394955, 0.01174621470272541], "val_n_outputs1_loss": [0.00919736735522747, 0.004465039353817701, 0.004301005974411964, 0.004381387960165739, 0.0042304545640945435, 0.004157232586294413, 0.004180604591965675, 0.004059067461639643, 0.004051171243190765, 0.004046956077218056, 0.004015865735709667, 0.003942886367440224, 0.003915491513907909]}, "Transfer": null, "Comment": null, "Config": "[('AI_LAUNCH_DURATION', 0.0), ('AI_LAUNCH_ENABLE_BUTTON', 'R2'), ('AI_LAUNCH_KEEP_ENABLED', False), ('AI_LAUNCH_THROTTLE', 0.0), ('AI_THROTTLE_MULT', 1.0), ('AUTO_CREATE_NEW_TUB', False), ('AUTO_RECORD_ON_THROTTLE', True), ('BATCH_SIZE', 64), ('BEHAVIOR_LED_COLORS', [(0, 10, 0), (10, 0, 0)]), ('BEHAVIOR_LIST', ['Left_Lane', 'Right_Lane']), ('BUTTON_PRESS_NEW_TUB', False), ('CACHE_IMAGES', True), ('CAMERA_FRAMERATE', 20), ('CAMERA_HFLIP', False), ('CAMERA_TYPE', 'WEBCAM'), ('CAMERA_VFLIP', False), ('CAR_PATH', '/home/ubuntu/mycar'), ('CONTROLLER_TYPE', 'xbox'), ('CSIC_CAM_GSTREAMER_FLIP_PARM', 0), ('DATA_PATH', '/home/ubuntu/mycar/data'), ('DATA_WIPER_RC_GPIO', 19), ('DEFAULT_AI_FRAMEWORK', 'tensorflow'), ('DEFAULT_MODEL_TYPE', 'linear'), ('DONKEY_GYM', False), ('DONKEY_GYM_ENV_NAME', 'donkey-generated-track-v0'), ('DONKEY_SIM_PATH', 'path to sim'), ('DRIVE_LOOP_HZ', 20), ('DRIVE_TRAIN_TYPE', 'SERVO_ESC'), ('EARLY_STOP_PATIENCE', 5), ('ENCODER_TYPE', 'GPIO'), ('FREEZE_LAYERS', False), ('GYM_CONF', {'body_style': 'donkey', 'body_rgb': (128, 128, 128), 'car_name': 'car', 'font_size': 100, 'racer_name': 'Your Name', 'country': 'Place', 'bio': 'I race robots.'}), ('HAVE_CONSOLE_LOGGING', True), ('HAVE_IMU', False), ('HAVE_MQTT_TELEMETRY', False), ('HAVE_ODOM', False), ('HAVE_PERFMON', False), ('HAVE_RGB_LED', False), ('HAVE_ROBOHAT', False), ('HAVE_SOMBRERO', False), ('HBRIDGE_L298N_PIN_LEFT_BWD', 18), ('HBRIDGE_L298N_PIN_LEFT_EN', 22), ('HBRIDGE_L298N_PIN_LEFT_FWD', 16), ('HBRIDGE_L298N_PIN_RIGHT_BWD', 13), ('HBRIDGE_L298N_PIN_RIGHT_EN', 11), ('HBRIDGE_L298N_PIN_RIGHT_FWD', 15), ('HBRIDGE_PIN_BWD', 13), ('HBRIDGE_PIN_FWD', 15), ('HBRIDGE_PIN_LEFT', 18), ('HBRIDGE_PIN_LEFT_BWD', 16), ('HBRIDGE_PIN_LEFT_FWD', 18), ('HBRIDGE_PIN_RIGHT', 16), ('HBRIDGE_PIN_RIGHT_BWD', 13), ('HBRIDGE_PIN_RIGHT_FWD', 15), ('IMAGE_DEPTH', 3), ('IMAGE_H', 120), ('IMAGE_W', 160), ('IMU_DLP_CONFIG', 0), ('IMU_SENSOR', 'mpu6050'), ('JOYSTICK_DEADZONE', 0.01), ('JOYSTICK_DEVICE_FILE', '/dev/input/js0'), ('JOYSTICK_MAX_THROTTLE', 1.0), ('JOYSTICK_STEERING_SCALE', 1.0), ('JOYSTICK_THROTTLE_DIR', -1.0), ('LEARNING_RATE', 0.001), ('LEARNING_RATE_DECAY', 0.0), ('LED_B', 1), ('LED_G', 0), ('LED_INVERT', False), ('LED_PIN_B', 16), ('LED_PIN_G', 10), ('LED_PIN_R', 12), ('LED_R', 0), ('LIDAR_LOWER_LIMIT', 90), ('LIDAR_TYPE', 'RP'), ('LIDAR_UPPER_LIMIT', 270), ('LOGGING_FORMAT', '%(message)s'), ('LOGGING_LEVEL', 'INFO'), ('MAX_EPOCHS', 100), ('MAX_LOOPS', None), ('MIN_DELTA', 0.0005), ('MM1_MAX_FORWARD', 2000), ('MM1_MAX_REVERSE', 1000), ('MM1_SERIAL_PORT', '/dev/ttyS0'), ('MM1_SHOW_STEERING_VALUE', False), ('MM1_STEERING_MID', 1500), ('MM1_STOPPED_PWM', 1500), ('MM_PER_TICK', 12.7625), ('MODELS_PATH', '/home/ubuntu/mycar/models'), ('MODEL_CATEGORICAL_MAX_THROTTLE_RANGE', 0.5), ('MODEL_RELOADED_LED_B', 0), ('MODEL_RELOADED_LED_G', 0), ('MODEL_RELOADED_LED_R', 100), ('NETWORK_JS_SERVER_IP', None), ('NUM_LAST_LAYERS_TO_TRAIN', 7), ('NUM_LOCATIONS', 10), ('ODOM_DEBUG', False), ('ODOM_PIN', 13), ('OPTIMIZER', None), ('PACKAGE_PATH', '/home/ubuntu/mycar'), ('PATH_FILENAME', 'donkey_path.pkl'), ('PATH_MIN_DIST', 0.3), ('PATH_OFFSET', (0, 0)), ('PATH_SCALE', 5.0), ('PCA9685_I2C_ADDR', 64), ('PCA9685_I2C_BUSNUM', 1), ('PID_D', -0.2), ('PID_I', 0.0), ('PID_P', -10.0), ('PID_THROTTLE', 0.2), ('PRINT_MODEL_SUMMARY', True), ('PRUNE_CNN', False), ('PRUNE_EVAL_PERCENT_OF_DATASET', 0.05), ('PRUNE_PERCENT_PER_ITERATION', 20), ('PRUNE_PERCENT_TARGET', 75), ('PRUNE_VAL_LOSS_DEGRADATION_LIMIT', 0.2), ('PUB_CAMERA_IMAGES', False), ('REALSENSE_D435_DEPTH', True), ('REALSENSE_D435_ID', None), ('REALSENSE_D435_IMU', False), ('REALSENSE_D435_RGB', True), ('RECORD_ALERT_COLOR_ARR', [(0, (1, 1, 1)), (3000, (5, 5, 5)), (5000, (5, 2, 0)), (10000, (0, 5, 0)), (15000, (0, 5, 5)), (20000, (0, 0, 5))]), ('RECORD_DURING_AI', False), ('REC_COUNT_ALERT', 1000), ('REC_COUNT_ALERT_BLINK_RATE', 0.4), ('REC_COUNT_ALERT_CYC', 15), ('RESET_ORIGIN_BTN', 'triangle'), ('ROI_CROP_BOTTOM', 0), ('ROI_CROP_TOP', 0), ('SAVE_PATH_BTN', 'cross'), ('SEND_BEST_MODEL_TO_PI', False), ('SEQUENCE_LENGTH', 3), ('SHOW_PLOT', True), ('SIM_ARTIFICIAL_LATENCY', 0), ('SIM_HOST', '127.0.0.1'), ('SIM_RECORD_GYROACCEL', False), ('SIM_RECORD_LOCATION', False), ('SIM_RECORD_VELOCITY', False), ('SSD1306_128_32_I2C_BUSNUM', 1), ('STEERING_CHANNEL', 8), ('STEERING_LEFT_PWM', 435), ('STEERING_PWM_FREQ', 50), ('STEERING_PWM_INVERTED', False), ('STEERING_PWM_PIN', 13), ('STEERING_RC_GPIO', 26), ('STEERING_RIGHT_PWM', 265), ('STOP_SIGN_DETECTOR', False), ('STOP_SIGN_MIN_SCORE', 0.2), ('STOP_SIGN_SHOW_BOUNDING_BOX', True), ('TARGET_D', 3), ('TARGET_H', 120), ('TARGET_W', 160), ('TELEMETRY_DEFAULT_INPUTS', 'pilot/angle,pilot/throttle,recording'), ('TELEMETRY_DEFAULT_TYPES', 'float,float'), ('TELEMETRY_DONKEY_NAME', 'my_robot1234'), ('TELEMETRY_LOGGING_ENABLE', True), ('TELEMETRY_LOGGING_FORMAT', '%(message)s'), ('TELEMETRY_LOGGING_LEVEL', 'INFO'), ('TELEMETRY_MQTT_BROKER_HOST', 'broker.hivemq.com'), ('TELEMETRY_MQTT_BROKER_PORT', 1883), ('TELEMETRY_MQTT_JSON_ENABLE', False), ('TELEMETRY_MQTT_TOPIC_TEMPLATE', 'donkey/%s/telemetry'), ('TELEMETRY_PUBLISH_PERIOD', 1), ('THROTTLE_CHANNEL', 4), ('THROTTLE_FORWARD_PWM', 395), ('THROTTLE_PWM_FREQ', 50), ('THROTTLE_PWM_INVERTED', False), ('THROTTLE_PWM_PIN', 18), ('THROTTLE_RC_GPIO', 20), ('THROTTLE_REVERSE_PWM', 220), ('THROTTLE_STOPPED_PWM', 370), ('TRAIN_BEHAVIORS', False), ('TRAIN_LOCALIZER', False), ('TRAIN_TEST_SPLIT', 0.8), ('USE_EARLY_STOP', True), ('USE_FPV', False), ('USE_JOYSTICK_AS_DEFAULT', False), ('USE_LIDAR', False), ('USE_NETWORKED_JS', False), ('USE_RC', False), ('USE_SSD1306_128_32', False), ('VERBOSE_TRAIN', True), ('WEB_CONTROL_PORT', 8887), ('WEB_INIT_MODE', 'user')]"}, {"Number": 0, "Name": "4_Model", "Type": "KerasLinear", "Tubs": "./data/4", "Time": 1637723780.9349701, "History": {"loss": [0.12000799179077148, 0.039042819291353226, 0.03072725050151348, 0.026476675644516945, 0.024037141352891922, 0.021405141800642014, 0.01921410672366619, 0.01726878248155117, 0.015821464359760284, 0.014337153173983097, 0.01322082243859768, 0.012327291071414948, 0.01141449622809887, 0.010762020945549011, 0.010257399640977383, 0.009619553573429585, 0.009277906268835068, 0.009015236981213093, 0.008731798268854618, 0.008580856956541538, 0.008286993019282818, 0.007982796989381313, 0.00851904135197401, 0.007992317900061607, 0.007898532785475254], "n_outputs0_loss": [0.022503048181533813, 0.012131270952522755, 0.010530061088502407, 0.009891903959214687, 0.009456825442612171, 0.008675992488861084, 0.007929956540465355, 0.007107637356966734, 0.006520703434944153, 0.005940992850810289, 0.005445568822324276, 0.005307378713041544, 0.005128000397235155, 0.004972011316567659, 0.004855419509112835, 0.004778074100613594, 0.004730516579002142, 0.004733663983643055, 0.0046533020213246346, 0.0047043985687196255, 0.004536305088549852, 0.004493780434131622, 0.004716155119240284, 0.004474248271435499, 0.004543778486549854], "n_outputs1_loss": [0.09750491380691528, 0.02691153809428215, 0.0201971884816885, 0.016584759578108788, 0.014580314978957176, 0.01272913720458746, 0.011284153908491135, 0.010161148384213448, 0.009300765581429005, 0.008396158926188946, 0.007775256410241127, 0.007019908633083105, 0.006286493502557278, 0.005790011025965214, 0.00540198152884841, 0.004841477144509554, 0.004547390155494213, 0.004281569272279739, 0.0040784915909171104, 0.0038764588534832, 0.0037506858352571726, 0.0034890174865722656, 0.0038028843700885773, 0.0035180679988116026, 0.003354753600433469], "val_loss": [0.022337546572089195, 0.016037557274103165, 0.01499840896576643, 0.013865121640264988, 0.013241426087915897, 0.011818629689514637, 0.011031145229935646, 0.010549268685281277, 0.009531757794320583, 0.008805965073406696, 0.008635089732706547, 0.008525087498128414, 0.00844640377908945, 0.00838136300444603, 0.007714365143328905, 0.00766727002337575, 0.007380025461316109, 0.007419416215270758, 0.00731382193043828, 0.006960594095289707, 0.007339108735322952, 0.006988008506596088, 0.007137286476790905, 0.006670714356005192, 0.006988287903368473], "val_n_outputs0_loss": [0.008483154699206352, 0.00843511987477541, 0.008407424204051495, 0.008398957550525665, 0.008100886829197407, 0.007276161573827267, 0.006529069039970636, 0.00587225379422307, 0.0052156392484903336, 0.004620112478733063, 0.004616625141352415, 0.004562200978398323, 0.0045894901268184185, 0.004621452186256647, 0.004231160040944815, 0.004274007398635149, 0.00415891595184803, 0.004203794989734888, 0.004173236433416605, 0.004100890830159187, 0.0042326003313064575, 0.004085175693035126, 0.004067232366651297, 0.004051015712320805, 0.004170151427388191], "val_n_outputs1_loss": [0.013854394666850567, 0.007602438796311617, 0.006590986158698797, 0.005466163158416748, 0.005140538327395916, 0.004542469047009945, 0.004502076655626297, 0.004677014425396919, 0.004316117614507675, 0.004185852129012346, 0.004018465988337994, 0.003962886985391378, 0.0038569143507629633, 0.0037599103525280952, 0.0034832055680453777, 0.0033932628575712442, 0.0032211104407906532, 0.0032156207598745823, 0.0031405852641910315, 0.002859703730791807, 0.003106508171185851, 0.0029028330463916063, 0.0030700538773089647, 0.0026196979451924562, 0.0028181360103189945]}, "Transfer": null, "Comment": null, "Config": "[('AI_LAUNCH_DURATION', 0.0), ('AI_LAUNCH_ENABLE_BUTTON', 'R2'), ('AI_LAUNCH_KEEP_ENABLED', False), ('AI_LAUNCH_THROTTLE', 0.0), ('AI_THROTTLE_MULT', 1.0), ('AUTO_CREATE_NEW_TUB', False), ('AUTO_RECORD_ON_THROTTLE', True), ('BATCH_SIZE', 64), ('BEHAVIOR_LED_COLORS', [(0, 10, 0), (10, 0, 0)]), ('BEHAVIOR_LIST', ['Left_Lane', 'Right_Lane']), ('BUTTON_PRESS_NEW_TUB', False), ('CACHE_IMAGES', True), ('CAMERA_FRAMERATE', 20), ('CAMERA_HFLIP', False), ('CAMERA_TYPE', 'WEBCAM'), ('CAMERA_VFLIP', False), ('CAR_PATH', '/home/ubuntu/mycar'), ('CONTROLLER_TYPE', 'xbox'), ('CSIC_CAM_GSTREAMER_FLIP_PARM', 0), ('DATA_PATH', '/home/ubuntu/mycar/data'), ('DATA_WIPER_RC_GPIO', 19), ('DEFAULT_AI_FRAMEWORK', 'tensorflow'), ('DEFAULT_MODEL_TYPE', 'linear'), ('DONKEY_GYM', False), ('DONKEY_GYM_ENV_NAME', 'donkey-generated-track-v0'), ('DONKEY_SIM_PATH', 'path to sim'), ('DRIVE_LOOP_HZ', 20), ('DRIVE_TRAIN_TYPE', 'SERVO_ESC'), ('EARLY_STOP_PATIENCE', 5), ('ENCODER_TYPE', 'GPIO'), ('FREEZE_LAYERS', False), ('GYM_CONF', {'body_style': 'donkey', 'body_rgb': (128, 128, 128), 'car_name': 'car', 'font_size': 100, 'racer_name': 'Your Name', 'country': 'Place', 'bio': 'I race robots.'}), ('HAVE_CONSOLE_LOGGING', True), ('HAVE_IMU', False), ('HAVE_MQTT_TELEMETRY', False), ('HAVE_ODOM', False), ('HAVE_PERFMON', False), ('HAVE_RGB_LED', False), ('HAVE_ROBOHAT', False), ('HAVE_SOMBRERO', False), ('HBRIDGE_L298N_PIN_LEFT_BWD', 18), ('HBRIDGE_L298N_PIN_LEFT_EN', 22), ('HBRIDGE_L298N_PIN_LEFT_FWD', 16), ('HBRIDGE_L298N_PIN_RIGHT_BWD', 13), ('HBRIDGE_L298N_PIN_RIGHT_EN', 11), ('HBRIDGE_L298N_PIN_RIGHT_FWD', 15), ('HBRIDGE_PIN_BWD', 13), ('HBRIDGE_PIN_FWD', 15), ('HBRIDGE_PIN_LEFT', 18), ('HBRIDGE_PIN_LEFT_BWD', 16), ('HBRIDGE_PIN_LEFT_FWD', 18), ('HBRIDGE_PIN_RIGHT', 16), ('HBRIDGE_PIN_RIGHT_BWD', 13), ('HBRIDGE_PIN_RIGHT_FWD', 15), ('IMAGE_DEPTH', 3), ('IMAGE_H', 120), ('IMAGE_W', 160), ('IMU_DLP_CONFIG', 0), ('IMU_SENSOR', 'mpu6050'), ('JOYSTICK_DEADZONE', 0.01), ('JOYSTICK_DEVICE_FILE', '/dev/input/js0'), ('JOYSTICK_MAX_THROTTLE', 1.0), ('JOYSTICK_STEERING_SCALE', 1.0), ('JOYSTICK_THROTTLE_DIR', -1.0), ('LEARNING_RATE', 0.001), ('LEARNING_RATE_DECAY', 0.0), ('LED_B', 1), ('LED_G', 0), ('LED_INVERT', False), ('LED_PIN_B', 16), ('LED_PIN_G', 10), ('LED_PIN_R', 12), ('LED_R', 0), ('LIDAR_LOWER_LIMIT', 90), ('LIDAR_TYPE', 'RP'), ('LIDAR_UPPER_LIMIT', 270), ('LOGGING_FORMAT', '%(message)s'), ('LOGGING_LEVEL', 'INFO'), ('MAX_EPOCHS', 100), ('MAX_LOOPS', None), ('MIN_DELTA', 0.0005), ('MM1_MAX_FORWARD', 2000), ('MM1_MAX_REVERSE', 1000), ('MM1_SERIAL_PORT', '/dev/ttyS0'), ('MM1_SHOW_STEERING_VALUE', False), ('MM1_STEERING_MID', 1500), ('MM1_STOPPED_PWM', 1500), ('MM_PER_TICK', 12.7625), ('MODELS_PATH', '/home/ubuntu/mycar/models'), ('MODEL_CATEGORICAL_MAX_THROTTLE_RANGE', 0.5), ('MODEL_RELOADED_LED_B', 0), ('MODEL_RELOADED_LED_G', 0), ('MODEL_RELOADED_LED_R', 100), ('NETWORK_JS_SERVER_IP', None), ('NUM_LAST_LAYERS_TO_TRAIN', 7), ('NUM_LOCATIONS', 10), ('ODOM_DEBUG', False), ('ODOM_PIN', 13), ('OPTIMIZER', None), ('PACKAGE_PATH', '/home/ubuntu/mycar'), ('PATH_FILENAME', 'donkey_path.pkl'), ('PATH_MIN_DIST', 0.3), ('PATH_OFFSET', (0, 0)), ('PATH_SCALE', 5.0), ('PCA9685_I2C_ADDR', 64), ('PCA9685_I2C_BUSNUM', 1), ('PID_D', -0.2), ('PID_I', 0.0), ('PID_P', -10.0), ('PID_THROTTLE', 0.2), ('PRINT_MODEL_SUMMARY', True), ('PRUNE_CNN', False), ('PRUNE_EVAL_PERCENT_OF_DATASET', 0.05), ('PRUNE_PERCENT_PER_ITERATION', 20), ('PRUNE_PERCENT_TARGET', 75), ('PRUNE_VAL_LOSS_DEGRADATION_LIMIT', 0.2), ('PUB_CAMERA_IMAGES', False), ('REALSENSE_D435_DEPTH', True), ('REALSENSE_D435_ID', None), ('REALSENSE_D435_IMU', False), ('REALSENSE_D435_RGB', True), ('RECORD_ALERT_COLOR_ARR', [(0, (1, 1, 1)), (3000, (5, 5, 5)), (5000, (5, 2, 0)), (10000, (0, 5, 0)), (15000, (0, 5, 5)), (20000, (0, 0, 5))]), ('RECORD_DURING_AI', False), ('REC_COUNT_ALERT', 1000), ('REC_COUNT_ALERT_BLINK_RATE', 0.4), ('REC_COUNT_ALERT_CYC', 15), ('RESET_ORIGIN_BTN', 'triangle'), ('ROI_CROP_BOTTOM', 0), ('ROI_CROP_TOP', 0), ('SAVE_PATH_BTN', 'cross'), ('SEND_BEST_MODEL_TO_PI', False), ('SEQUENCE_LENGTH', 3), ('SHOW_PLOT', True), ('SIM_ARTIFICIAL_LATENCY', 0), ('SIM_HOST', '127.0.0.1'), ('SIM_RECORD_GYROACCEL', False), ('SIM_RECORD_LOCATION', False), ('SIM_RECORD_VELOCITY', False), ('SSD1306_128_32_I2C_BUSNUM', 1), ('STEERING_CHANNEL', 8), ('STEERING_LEFT_PWM', 435), ('STEERING_PWM_FREQ', 50), ('STEERING_PWM_INVERTED', False), ('STEERING_PWM_PIN', 13), ('STEERING_RC_GPIO', 26), ('STEERING_RIGHT_PWM', 265), ('STOP_SIGN_DETECTOR', False), ('STOP_SIGN_MIN_SCORE', 0.2), ('STOP_SIGN_SHOW_BOUNDING_BOX', True), ('TARGET_D', 3), ('TARGET_H', 120), ('TARGET_W', 160), ('TELEMETRY_DEFAULT_INPUTS', 'pilot/angle,pilot/throttle,recording'), ('TELEMETRY_DEFAULT_TYPES', 'float,float'), ('TELEMETRY_DONKEY_NAME', 'my_robot1234'), ('TELEMETRY_LOGGING_ENABLE', True), ('TELEMETRY_LOGGING_FORMAT', '%(message)s'), ('TELEMETRY_LOGGING_LEVEL', 'INFO'), ('TELEMETRY_MQTT_BROKER_HOST', 'broker.hivemq.com'), ('TELEMETRY_MQTT_BROKER_PORT', 1883), ('TELEMETRY_MQTT_JSON_ENABLE', False), ('TELEMETRY_MQTT_TOPIC_TEMPLATE', 'donkey/%s/telemetry'), ('TELEMETRY_PUBLISH_PERIOD', 1), ('THROTTLE_CHANNEL', 4), ('THROTTLE_FORWARD_PWM', 395), ('THROTTLE_PWM_FREQ', 50), ('THROTTLE_PWM_INVERTED', False), ('THROTTLE_PWM_PIN', 18), ('THROTTLE_RC_GPIO', 20), ('THROTTLE_REVERSE_PWM', 220), ('THROTTLE_STOPPED_PWM', 370), ('TRAIN_BEHAVIORS', False), ('TRAIN_LOCALIZER', False), ('TRAIN_TEST_SPLIT', 0.8), ('USE_EARLY_STOP', True), ('USE_FPV', False), ('USE_JOYSTICK_AS_DEFAULT', False), ('USE_LIDAR', False), ('USE_NETWORKED_JS', False), ('USE_RC', False), ('USE_SSD1306_128_32', False), ('VERBOSE_TRAIN', True), ('WEB_CONTROL_PORT', 8887), ('WEB_INIT_MODE', 'user')]"}]