[{"Number": 0, "Name": "2021_11_14_415", "Type": "KerasLinear", "Tubs": "./data/1", "Time": 1636868979.637645, "History": {"loss": [0.061598848551511765, 0.02529810555279255, 0.020191941410303116, 0.01758953556418419, 0.014788497239351273, 0.013556788675487041, 0.012321773916482925, 0.011357331648468971, 0.010811571963131428, 0.010019521228969097, 0.009524616412818432], "n_outputs0_loss": [0.020914847031235695, 0.010638059116899967, 0.009667529724538326, 0.009145524352788925, 0.007480742409825325, 0.007173908408731222, 0.006868575233966112, 0.0066461628302931786, 0.006657598074525595, 0.006457122508436441, 0.006479752250015736], "n_outputs1_loss": [0.04068399593234062, 0.01466005016118288, 0.01052440982311964, 0.008444014005362988, 0.007307752035558224, 0.006382880732417107, 0.005453198682516813, 0.004711166024208069, 0.00415397621691227, 0.0035623989533632994, 0.003044866258278489], "val_loss": [0.019411150366067886, 0.010197807103395462, 0.010812588967382908, 0.007610324304550886, 0.007370927836745977, 0.0069644870236516, 0.006824779324233532, 0.007081730291247368, 0.006740961689502001, 0.006815376691520214, 0.006767516955733299], "val_n_outputs0_loss": [0.008929290808737278, 0.008957131765782833, 0.008921279571950436, 0.007092058192938566, 0.006812405772507191, 0.006499599199742079, 0.006363849621266127, 0.006586174946278334, 0.006310203578323126, 0.006370762828737497, 0.006343877874314785], "val_n_outputs1_loss": [0.010481860488653183, 0.0012406748719513416, 0.0018913092790171504, 0.0005182645400054753, 0.000558523868676275, 0.0004648884350899607, 0.000460928917163983, 0.0004955553449690342, 0.0004307605267968029, 0.0004446145030669868, 0.0004236404492985457]}, "Transfer": null, "Comment": null, "Config": "[('AI_LAUNCH_DURATION', 0.0), ('AI_LAUNCH_ENABLE_BUTTON', 'R2'), ('AI_LAUNCH_KEEP_ENABLED', False), ('AI_LAUNCH_THROTTLE', 0.0), ('AI_THROTTLE_MULT', 1.0), ('AUTO_CREATE_NEW_TUB', False), ('AUTO_RECORD_ON_THROTTLE', True), ('BATCH_SIZE', 64), ('BEHAVIOR_LED_COLORS', [(0, 10, 0), (10, 0, 0)]), ('BEHAVIOR_LIST', ['Left_Lane', 'Right_Lane']), ('BUTTON_PRESS_NEW_TUB', False), ('CACHE_IMAGES', True), ('CAMERA_FRAMERATE', 20), ('CAMERA_HFLIP', False), ('CAMERA_TYPE', 'WEBCAM'), ('CAMERA_VFLIP', False), ('CAR_PATH', '/home/ubuntu/mycar'), ('CONTROLLER_TYPE', 'xbox'), ('CSIC_CAM_GSTREAMER_FLIP_PARM', 0), ('DATA_PATH', '/home/ubuntu/mycar/data'), ('DATA_WIPER_RC_GPIO', 19), ('DEFAULT_AI_FRAMEWORK', 'tensorflow'), ('DEFAULT_MODEL_TYPE', 'linear'), ('DONKEY_GYM', False), ('DONKEY_GYM_ENV_NAME', 'donkey-generated-track-v0'), ('DONKEY_SIM_PATH', 'path to sim'), ('DRIVE_LOOP_HZ', 20), ('DRIVE_TRAIN_TYPE', 'SERVO_ESC'), ('EARLY_STOP_PATIENCE', 5), ('ENCODER_TYPE', 'GPIO'), ('FREEZE_LAYERS', False), ('GYM_CONF', {'body_style': 'donkey', 'body_rgb': (128, 128, 128), 'car_name': 'car', 'font_size': 100, 'racer_name': 'Your Name', 'country': 'Place', 'bio': 'I race robots.'}), ('HAVE_CONSOLE_LOGGING', True), ('HAVE_IMU', False), ('HAVE_MQTT_TELEMETRY', False), ('HAVE_ODOM', False), ('HAVE_PERFMON', False), ('HAVE_RGB_LED', False), ('HAVE_ROBOHAT', False), ('HAVE_SOMBRERO', False), ('HBRIDGE_L298N_PIN_LEFT_BWD', 18), ('HBRIDGE_L298N_PIN_LEFT_EN', 22), ('HBRIDGE_L298N_PIN_LEFT_FWD', 16), ('HBRIDGE_L298N_PIN_RIGHT_BWD', 13), ('HBRIDGE_L298N_PIN_RIGHT_EN', 11), ('HBRIDGE_L298N_PIN_RIGHT_FWD', 15), ('HBRIDGE_PIN_BWD', 13), ('HBRIDGE_PIN_FWD', 15), ('HBRIDGE_PIN_LEFT', 18), ('HBRIDGE_PIN_LEFT_BWD', 16), ('HBRIDGE_PIN_LEFT_FWD', 18), ('HBRIDGE_PIN_RIGHT', 16), ('HBRIDGE_PIN_RIGHT_BWD', 13), ('HBRIDGE_PIN_RIGHT_FWD', 15), ('IMAGE_DEPTH', 3), ('IMAGE_H', 120), ('IMAGE_W', 160), ('IMU_DLP_CONFIG', 0), ('IMU_SENSOR', 'mpu6050'), ('JOYSTICK_DEADZONE', 0.01), ('JOYSTICK_DEVICE_FILE', '/dev/input/js0'), ('JOYSTICK_MAX_THROTTLE', 1.0), ('JOYSTICK_STEERING_SCALE', 1.0), ('JOYSTICK_THROTTLE_DIR', -1.0), ('LEARNING_RATE', 0.001), ('LEARNING_RATE_DECAY', 0.0), ('LED_B', 1), ('LED_G', 0), ('LED_INVERT', False), ('LED_PIN_B', 16), ('LED_PIN_G', 10), ('LED_PIN_R', 12), ('LED_R', 0), ('LIDAR_LOWER_LIMIT', 90), ('LIDAR_TYPE', 'RP'), ('LIDAR_UPPER_LIMIT', 270), ('LOGGING_FORMAT', '%(message)s'), ('LOGGING_LEVEL', 'INFO'), ('MAX_EPOCHS', 100), ('MAX_LOOPS', None), ('MIN_DELTA', 0.0005), ('MM1_MAX_FORWARD', 2000), ('MM1_MAX_REVERSE', 1000), ('MM1_SERIAL_PORT', '/dev/ttyS0'), ('MM1_SHOW_STEERING_VALUE', False), ('MM1_STEERING_MID', 1500), ('MM1_STOPPED_PWM', 1500), ('MM_PER_TICK', 12.7625), ('MODELS_PATH', '/home/ubuntu/mycar/models'), ('MODEL_CATEGORICAL_MAX_THROTTLE_RANGE', 0.5), ('MODEL_RELOADED_LED_B', 0), ('MODEL_RELOADED_LED_G', 0), ('MODEL_RELOADED_LED_R', 100), ('NETWORK_JS_SERVER_IP', None), ('NUM_LAST_LAYERS_TO_TRAIN', 7), ('NUM_LOCATIONS', 10), ('ODOM_DEBUG', False), ('ODOM_PIN', 13), ('OPTIMIZER', None), ('PACKAGE_PATH', '/home/ubuntu/mycar'), ('PATH_FILENAME', 'donkey_path.pkl'), ('PATH_MIN_DIST', 0.3), ('PATH_OFFSET', (0, 0)), ('PATH_SCALE', 5.0), ('PCA9685_I2C_ADDR', 64), ('PCA9685_I2C_BUSNUM', 1), ('PID_D', -0.2), ('PID_I', 0.0), ('PID_P', -10.0), ('PID_THROTTLE', 0.2), ('PRINT_MODEL_SUMMARY', True), ('PRUNE_CNN', False), ('PRUNE_EVAL_PERCENT_OF_DATASET', 0.05), ('PRUNE_PERCENT_PER_ITERATION', 20), ('PRUNE_PERCENT_TARGET', 75), ('PRUNE_VAL_LOSS_DEGRADATION_LIMIT', 0.2), ('PUB_CAMERA_IMAGES', False), ('REALSENSE_D435_DEPTH', True), ('REALSENSE_D435_ID', None), ('REALSENSE_D435_IMU', False), ('REALSENSE_D435_RGB', True), ('RECORD_ALERT_COLOR_ARR', [(0, (1, 1, 1)), (3000, (5, 5, 5)), (5000, (5, 2, 0)), (10000, (0, 5, 0)), (15000, (0, 5, 5)), (20000, (0, 0, 5))]), ('RECORD_DURING_AI', False), ('REC_COUNT_ALERT', 1000), ('REC_COUNT_ALERT_BLINK_RATE', 0.4), ('REC_COUNT_ALERT_CYC', 15), ('RESET_ORIGIN_BTN', 'triangle'), ('ROI_CROP_BOTTOM', 0), ('ROI_CROP_TOP', 0), ('SAVE_PATH_BTN', 'cross'), ('SEND_BEST_MODEL_TO_PI', False), ('SEQUENCE_LENGTH', 3), ('SHOW_PLOT', True), ('SIM_ARTIFICIAL_LATENCY', 0), ('SIM_HOST', '127.0.0.1'), ('SIM_RECORD_GYROACCEL', False), ('SIM_RECORD_LOCATION', False), ('SIM_RECORD_VELOCITY', False), ('SSD1306_128_32_I2C_BUSNUM', 1), ('STEERING_CHANNEL', 8), ('STEERING_LEFT_PWM', 435), ('STEERING_PWM_FREQ', 50), ('STEERING_PWM_INVERTED', False), ('STEERING_PWM_PIN', 13), ('STEERING_RC_GPIO', 26), ('STEERING_RIGHT_PWM', 265), ('STOP_SIGN_DETECTOR', False), ('STOP_SIGN_MIN_SCORE', 0.2), ('STOP_SIGN_SHOW_BOUNDING_BOX', True), ('TARGET_D', 3), ('TARGET_H', 120), ('TARGET_W', 160), ('TELEMETRY_DEFAULT_INPUTS', 'pilot/angle,pilot/throttle,recording'), ('TELEMETRY_DEFAULT_TYPES', 'float,float'), ('TELEMETRY_DONKEY_NAME', 'my_robot1234'), ('TELEMETRY_LOGGING_ENABLE', True), ('TELEMETRY_LOGGING_FORMAT', '%(message)s'), ('TELEMETRY_LOGGING_LEVEL', 'INFO'), ('TELEMETRY_MQTT_BROKER_HOST', 'broker.hivemq.com'), ('TELEMETRY_MQTT_BROKER_PORT', 1883), ('TELEMETRY_MQTT_JSON_ENABLE', False), ('TELEMETRY_MQTT_TOPIC_TEMPLATE', 'donkey/%s/telemetry'), ('TELEMETRY_PUBLISH_PERIOD', 1), ('THROTTLE_CHANNEL', 4), ('THROTTLE_FORWARD_PWM', 395), ('THROTTLE_PWM_FREQ', 50), ('THROTTLE_PWM_INVERTED', False), ('THROTTLE_PWM_PIN', 18), ('THROTTLE_RC_GPIO', 20), ('THROTTLE_REVERSE_PWM', 220), ('THROTTLE_STOPPED_PWM', 370), ('TRAIN_BEHAVIORS', False), ('TRAIN_LOCALIZER', False), ('TRAIN_TEST_SPLIT', 0.8), ('USE_EARLY_STOP', True), ('USE_FPV', False), ('USE_JOYSTICK_AS_DEFAULT', False), ('USE_LIDAR', False), ('USE_NETWORKED_JS', False), ('USE_RC', False), ('USE_SSD1306_128_32', False), ('VERBOSE_TRAIN', True), ('WEB_CONTROL_PORT', 8887), ('WEB_INIT_MODE', 'user')]"}]